timestamp,open,high,low,close,volume,RSI,MACD,HL_Volatility,Body,Volume_Change,Cluster,Sentiment
2024-07-04,60208.57,60498.19,56771.0,57050.01,54568.77276,0.012897091152624052,0.1409770800405884,0.23818746774537508,0.29954750798659435,0.2976237096738642,,
2024-07-05,57050.02,57546.0,53485.93,56628.79,81348.24756,0.0,0.11878113486424671,0.2639046406487084,0.4672004537169512,0.2559910752885099,,
2024-07-06,56628.79,58475.0,56018.0,58230.13,21651.31558,0.14278677233336612,0.11596539259257294,0.140056922653795,0.5910765733100753,0.008545504047730496,,
2024-07-07,58230.13,58449.46,55724.37,55857.81,19118.93918,0.05964334488711659,0.09828291501775224,0.16076864124203877,0.3477022617251043,0.1331950858931317,,
2024-07-08,55857.81,58236.73,54260.16,56714.62,48090.2049,0.1270643261402815,0.09360047075863753,0.25745371557832764,0.5454764272974932,0.46301965368917863,,
2024-07-09,56714.61,58296.0,56289.45,58050.0,27732.20788,0.22462687987923347,0.10277963124435832,0.10525669273819034,0.5747879632714654,0.07128928523409958,,
2024-07-10,58050.0,59470.0,57157.79,57725.85,24951.73799,0.21085661793924781,0.11015088297405101,0.12887094132516708,0.47314630166787497,0.13656962861701016,,
2024-07-11,57725.85,59650.0,57050.0,57339.89,29761.05735,0.1940647724977047,0.11555374416523714,0.15110461469049496,0.46936063147992063,0.1957755847202408,,
2024-07-12,57339.89,58526.68,56542.47,57889.1,23652.4569,0.2370813962857541,0.12643258779308547,0.10353078056965943,0.5266368843462749,0.11535425949299076,,
2024-07-13,57889.09,59850.0,57756.63,59204.02,15357.74519,0.333443557337868,0.14727459211490376,0.1119641096796329,0.5735348519295217,0.08596680548756003,,
2024-07-14,59204.01,61420.69,59194.01,60797.91,21178.33907,0.4348327610592364,0.17779692877542763,0.12226318538181787,0.5906208964584596,0.23341111482158533,,
2024-07-15,60797.91,64900.0,60632.3,64724.14,38690.9782,0.6202299056826359,0.23321280660863775,0.2799454259464705,0.7334688522823033,0.32391795726549805,,
2024-07-16,64724.06,65388.97,62373.24,65043.99,42530.52915,0.6325804976206608,0.28019841507045334,0.18322249588222445,0.5125941977147559,0.1768808970733772,,
2024-07-17,65044.0,66128.63,63854.0,64087.99,29567.52954,0.5719190107314666,0.31038479246461465,0.12596763876055778,0.43444684260039557,0.09524123511649743,2.0,Bullish
2024-07-18,64087.99,65133.3,63238.48,63987.92,22568.7225,0.565525305803068,0.3335452252448118,0.09662481419790696,0.48687050447837227,0.10899914616356153,2.0,Bullish
2024-07-19,63987.92,67386.0,63300.67,66660.0,35634.72739,0.6755413995123631,0.37192373033853504,0.26585614205323327,0.6566560668718027,0.27381225307803103,2.0,Bullish
2024-07-20,66660.01,67598.0,66222.46,67139.96,14386.92434,0.6928995326740777,0.40519233738265836,0.05650701335302846,0.5223949248378187,0.036344906404343805,2.0,Bullish
2024-07-21,67139.97,68366.66,65777.0,68165.34,21819.11191,0.7291504857073465,0.43820745634451375,0.15030578157399538,0.5558002028496947,0.2612136113389619,2.0,Bullish
2024-07-22,68165.35,68474.55,66559.97,67532.01,21451.04303,0.6828651992729051,0.4580904061253504,0.09815140437025112,0.45420937616369,0.1534201913256782,2.0,Bullish
2024-07-23,67532.0,67750.98,65441.08,65936.01,31406.15316,0.5744761771456605,0.4601701034331668,0.12869247860765076,0.39525005879701264,0.2506036279354039,2.0,Bullish
2024-07-24,65936.0,67102.01,65111.0,65376.0,23082.56277,0.5389667485382242,0.4561206847505975,0.10405612536580987,0.4587012229778725,0.10327574648921059,2.0,Bullish
2024-07-25,65376.01,66175.49,63456.7,65799.95,35126.42934,0.5596896229083712,0.45476450569931476,0.16028192473972352,0.5189644866040799,0.2622603321453316,2.0,Bullish
2024-07-26,65799.95,68200.0,65722.63,67907.99,24244.36023,0.6530189870816616,0.46828333669447153,0.1416306393446169,0.622110371793113,0.09423003165379573,2.0,Bullish
2024-07-27,67908.0,69399.99,66650.0,67896.5,31710.21921,0.6521925682166239,0.4772563351289421,0.16269233027500324,0.4922951414068163,0.21905277304746354,2.0,Bullish
2024-07-28,67896.49,68318.43,67066.66,68249.88,10868.69394,0.6675173816212743,0.48532778956686984,0.04694496549720749,0.5146435186092544,0.024022503367978343,2.0,Bullish
2024-07-29,68249.88,70079.99,66428.0,66784.69,36467.29633,0.5590385918630606,0.47883337082290167,0.23237777235264917,0.40326115183348654,0.6327416353488775,2.0,Bullish
2024-07-30,66784.68,67000.0,65302.67,66188.0,23132.25441,0.5181273842828298,0.4675759657151043,0.08136741069911078,0.45645468710189546,0.08293990678454757,2.0,Bullish
2024-07-31,66188.0,66849.24,64530.0,64628.0,22625.43905,0.419695083972336,0.44542239089403995,0.1294140551364822,0.3974543343198164,0.15240171661800844,2.0,Bullish
2024-08-01,64628.01,65659.78,62302.0,65354.02,35542.26854,0.4624121739214697,0.4322907941564743,0.20964811169448438,0.537465334261019,0.2721867445860434,0.0,Bullish
2024-08-02,65354.02,65596.14,61230.01,61498.33,38820.42937,0.26776039605585356,0.391691337901306,0.28754979187075286,0.2568504644964039,0.1754657238111601,0.0,Bullish
2024-08-03,61498.34,62198.22,59850.0,60697.99,28034.71567,0.23570042916249867,0.3531647933885606,0.1316529510471362,0.4439805332889088,0.10068822631574924,0.0,Bullish
2024-08-04,60697.99,61117.63,57122.77,58161.0,31616.52003,0.14620978844354116,0.30355399951713025,0.2588667385667979,0.3376167365697823,0.18264513867871687,0.0,Bullish
2024-08-05,58161.0,58305.59,49000.0,54018.81,162065.59186,0.03789968458577825,0.23367210260931853,0.6691556163994102,0.23930323089587036,0.9905396224151503,0.0,Bullish
2024-08-06,54018.82,57040.99,53950.0,56022.01,55884.77676,0.15216699652159016,0.19522856948202544,0.18903682667021032,0.6156886355173155,0.024442316513066636,0.0,Bullish
2024-08-07,56022.0,57736.05,54558.62,55134.16,44269.37684,0.12855729626538615,0.15996753271692757,0.19571488610833876,0.4386220430002156,0.11483077474190079,0.0,Bullish
2024-08-08,55133.76,62745.14,54730.0,61685.99,48349.52949,0.4150325651052267,0.18392411853408056,0.5694598528416519,0.8943031818983587,0.17545233503699686,1.0,Bullish
2024-08-09,61686.0,61744.37,59535.0,60837.99,30972.48017,0.3872016200777382,0.19798257543066608,0.12092587384926366,0.44106150657546567,0.0842061451945717,1.0,Bullish
2024-08-10,60837.99,61470.58,60242.0,60923.51,9995.20621,0.3904176686945299,0.21119312611762245,0.045153385229158974,0.49823731454442116,0.01997354430163839,1.0,Bullish
2024-08-11,60923.51,61858.0,58286.73,58712.59,19189.84512,0.3167033441950615,0.20620352943738046,0.22614162059598825,0.3575875095545142,0.3427082934051886,1.0,Bullish
2024-08-12,58712.59,60711.09,57642.21,59346.64,37009.91743,0.34304773892937723,0.20854937243214527,0.18732868351684356,0.5318330703800246,0.3444692872584147,1.0,Bullish
2024-08-13,59346.64,61578.1,58392.88,60587.15,27858.95851,0.3939901015380147,0.22120684986716227,0.19631671492628217,0.5689768584755892,0.10686715180823786,1.0,Bullish
2024-08-14,60587.16,61800.0,58433.18,58683.39,28422.76326,0.32707185319500875,0.21799518356469916,0.2103465112470143,0.37639949140583623,0.16091815837535986,1.0,Bullish
2024-08-15,58683.39,59849.38,56078.54,57541.06,37686.17622,0.2895264482910981,0.20815146221353667,0.24155971779713659,0.42303532230562657,0.22268450460908273,1.0,Bullish
2024-08-16,57541.05,59817.76,57098.62,58874.6,27610.84344,0.3485548180455551,0.21196753289225453,0.16030896454540705,0.5746752689963344,0.1028074280387257,1.0,Bullish
2024-08-17,58874.59,59700.0,58785.05,59491.99,7721.72931,0.3753725668373443,0.22102059121149176,0.020923401638457836,0.5308133096838679,0.011274786408989629,1.0,Bullish
2024-08-18,59491.99,60284.99,58408.92,58427.35,13634.85717,0.33510773316477216,0.22133966209320222,0.0951762531791089,0.4277935930854711,0.31156476563906865,2.0,Bullish
2024-08-19,58427.35,59617.63,57787.3,59438.5,22809.31251,0.3816379817367107,0.23052707582510257,0.09164253685911787,0.5549292720929775,0.2927910306008086,2.0,Bullish
2024-08-20,59438.5,61400.0,58548.23,59013.8,31477.44548,0.36420545551084027,0.2356877648644196,0.1705555057679769,0.4669879270133077,0.23361833145573135,2.0,Bullish
2024-08-21,59013.8,61820.93,58783.47,61156.03,27983.6422,0.46073994178736133,0.2570678419148133,0.18490128153227647,0.6242044029163312,0.13440098568474929,2.0,Bullish
2024-08-22,61156.03,61400.0,59724.87,60375.84,21241.20588,0.42574600337033186,0.2687874780489785,0.07965231445285352,0.44521527056425503,0.10814316089499484,2.0,Bullish
2024-08-23,60375.83,64955.0,60342.14,64037.24,38118.07089,0.5674885776865353,0.30643006049684735,0.3066113097463824,0.7172494512278769,0.31737542428667054,2.0,Bullish
2024-08-24,64037.24,64494.5,63531.0,64157.01,15857.15616,0.5716051451463834,0.33714162457126057,0.024674208969799202,0.5003350204809596,0.03882377719405482,2.0,Bullish
2024-08-25,64157.02,65000.0,63773.27,64220.0,12305.47977,0.5739149416670353,0.3616430591254315,0.04501046054197101,0.4968568096740685,0.11157069886763932,2.0,Bullish
2024-08-26,64219.99,64481.0,62800.0,62834.0,19470.05276,0.5019207594807507,0.3700301554106262,0.08010581062247212,0.40811190541520487,0.2744756644881188,2.0,Bullish
2024-08-27,62834.0,63212.0,58034.01,59415.0,35135.94178,0.35391413495419966,0.35030557512639127,0.35027132513589443,0.2835963683044901,0.31941230666098885,2.0,Bullish
2024-08-28,59415.0,60234.98,57860.0,59034.9,36868.54275,0.33939106460379265,0.3317870658444043,0.13372033733316496,0.4697195382474569,0.16679286633016743,2.0,Bullish
2024-08-29,59034.9,61166.99,58713.09,59359.01,27020.90743,0.3553539344703456,0.3197557695447147,0.1398174272320205,0.5128502097093466,0.1028573271794829,2.0,Bullish
2024-08-30,59359.0,59944.07,57701.1,59123.99,28519.32195,0.34523871534211803,0.3087112415149372,0.1235216951949497,0.47860584932285405,0.1680340505165055,2.0,Bullish
2024-08-31,59123.99,59462.38,58744.0,58973.99,8798.409,0.3384420109112123,0.2992093332186112,0.005737074200317216,0.48381244732767553,0.017103118723626992,0.0,Bullish
2024-09-01,58974.0,59076.59,57201.0,57301.86,20705.15741,0.26558124800074034,0.27950097129771173,0.09513917001702742,0.39058610822570206,0.43027857530234814,0.0,Bullish
2024-09-02,57301.77,59425.69,57128.0,59132.13,22895.01461,0.368954965890696,0.2785357483944273,0.12774917567221006,0.6051033357505435,0.17819987147398225,0.0,Bullish
2024-09-03,59132.12,59809.65,57415.0,57487.73,22828.18447,0.2985508585700898,0.26596120017125713,0.1352399744126186,0.3922857093859631,0.15623900594331439,0.0,Bullish
2024-09-04,57487.74,58519.0,55606.0,57970.9,35560.82146,0.3255584003023354,0.2605411754750827,0.17528592663096415,0.5225915273504106,0.26953182804756054,0.0,Bullish
2024-09-05,57970.9,58327.07,55643.65,56180.0,27806.91413,0.2522707108518787,0.24357238049903068,0.15754935923386204,0.38331242772867113,0.11276955426460693,0.0,Bullish
2024-09-06,56180.0,57008.0,52550.0,53962.97,54447.76826,0.1748853542536779,0.214522746992864,0.2946473545799253,0.35721329106481386,0.3504192398671595,1.0,Bullish
2024-09-07,53962.97,54850.0,53745.54,54160.86,16694.04774,0.18710065564357392,0.19462136212506312,0.03556429756765388,0.5051196274229266,0.016719136799133838,1.0,Bullish
2024-09-08,54160.86,55318.0,53629.01,54869.95,16274.14779,0.2317594825795476,0.18598426385288871,0.0807230907579491,0.5364290369049247,0.15174638175944472,1.0,Bullish
2024-09-09,54869.95,58088.0,54591.96,57042.0,32384.51737,0.35583406974222687,0.1973462837799826,0.22032960750563235,0.6260307851361149,0.3568591080091096,1.0,Bullish
2024-09-10,57042.01,58044.36,56386.4,57635.99,23626.78126,0.38684456618579666,0.21230088393591548,0.07832581884257296,0.5293789075514959,0.1021847710377028,1.0,Bullish
2024-09-11,57635.99,57981.71,55545.19,57338.0,33026.56757,0.37249422757897943,0.22314699261091453,0.13847470773832893,0.4747485202751699,0.23721880612734986,1.0,Bullish
2024-09-12,57338.0,58588.0,57324.0,58132.32,31074.40631,0.416528425678522,0.23891996945772398,0.047889813564402986,0.541649109225251,0.1448850753491936,1.0,Bullish
2024-09-13,58132.31,60625.0,57632.62,60498.0,29825.23333,0.5322390418855915,0.2702693194410335,0.18141855456014744,0.6378906326558609,0.14870598017314288,1.0,Bullish
2024-09-14,60497.99,60610.45,59400.0,59993.03,12137.90901,0.503656048720981,0.29173275871882814,0.04375272329471547,0.46207225172961197,0.036998487678040176,1.0,Bullish
2024-09-15,59993.02,60395.8,58691.05,59132.0,13757.92361,0.45549551019266754,0.30251066307765173,0.08194065457961634,0.4402646845540247,0.18379774619210923,1.0,Bullish
2024-09-16,59132.0,59210.7,57493.3,58213.99,26477.5642,0.40617047591916766,0.30436251522988744,0.08291795041363166,0.4367742243694017,0.34364326741131557,2.0,Bullish
2024-09-17,58213.99,61320.0,57610.01,60313.99,33116.25878,0.5120404990626558,0.3220478766591888,0.236858654437464,0.6216179468083017,0.20749208955545756,2.0,Bullish
2024-09-18,60313.99,61786.24,59174.8,61759.99,36087.02469,0.5749630674165074,0.34698573488041135,0.1519884300534306,0.581562481625933,0.17495539779423439,2.0,Bullish
2024-09-19,61759.98,63850.0,61555.0,62947.99,34332.52608,0.6223834820786396,0.37536835784191624,0.12754135545137968,0.5657613968210409,0.1470047791375946,2.0,Bullish
2024-09-20,62948.0,64133.32,62350.0,63201.05,25466.37794,0.6323457569639084,0.3990484232624653,0.08801070467278775,0.5084980058013052,0.10464718670880029,2.0,Bullish
2024-09-21,63201.05,63559.9,62758.0,63348.96,8375.34608,0.6384575151865961,0.4179782483854183,0.012189544402451666,0.5020585079277968,0.021219486674637245,2.0,Bullish
2024-09-22,63348.97,64000.0,62357.93,63578.76,14242.19892,0.6484200927442854,0.4335906021061916,0.07709821166450893,0.5070734031711187,0.29837265278134983,2.0,Bullish
2024-09-23,63578.76,64745.88,62538.75,63339.99,24078.05287,0.6298627991996328,0.4428785518684869,0.12075281909288417,0.47837556102149964,0.2963767962752598,2.0,Bullish
2024-09-24,63339.99,64688.0,62700.0,64262.7,23185.04759,0.6728948855926986,0.45589866693369474,0.10382358303692589,0.5495125972600589,0.14933469761162763,2.0,Bullish
2024-09-25,64262.7,64817.99,62947.08,63152.01,17813.11168,0.5852767737492706,0.4563005342147819,0.0947776091867354,0.4249731738627679,0.11001099128774428,2.0,Bullish
2024-09-26,63152.01,65839.0,62670.0,65173.99,28373.30593,0.6779878494227856,0.4705277268570299,0.19506361307428716,0.6168394645552,0.2766188401954241,2.0,Bullish
2024-09-27,65173.99,66498.0,64819.9,65769.95,22048.80487,0.7022855326550668,0.4846288555717201,0.07988176651823124,0.529500176391039,0.11178815812056625,2.0,Bullish
2024-09-28,65769.95,66260.0,65422.23,65858.0,9127.23316,0.7059645672309178,0.4946253677802909,0.014960738202146606,0.49839226917272594,0.038410536322874805,2.0,Bullish
2024-09-29,65858.0,66076.12,65432.0,65602.01,8337.74111,0.6834667199108988,0.4986875241680436,0.0,0.4773208895988078,0.1393506100626328,2.0,Bullish
2024-09-30,65602.01,65618.8,62856.3,63327.59,30011.08752,0.5069709334218406,0.4827733635106418,0.16365881018674494,0.35369833212472807,0.6820788308972711,2.0,Bullish
2024-10-01,63327.6,64130.63,60164.0,60805.78,43671.48108,0.35933343695753217,0.44951672481803,0.25668578509689527,0.3385458518707249,0.24880386467534135,2.0,Bullish
2024-10-02,60804.92,62390.31,60000.0,60649.28,31534.70118,0.35116348769612193,0.42095833632952073,0.13490468082213386,0.48346701487564414,0.1006730996381583,0.0,Bullish
2024-10-03,60649.27,61477.19,59828.11,60752.71,26221.43472,0.35805305178380087,0.3983741747086788,0.07763978034407042,0.4993348587891734,0.12278319659665976,0.0,Bullish
2024-10-04,60752.72,62484.85,60459.9,62086.0,21294.65994,0.443899180044373,0.3900387461314617,0.10667821395130374,0.574658732336397,0.11886283409403409,0.0,Bullish
2024-10-05,62086.0,62370.56,61689.26,62058.0,7807.46141,0.44208172170600546,0.382656148092027,0.0028723999295420105,0.49128456774395834,0.02884958283961289,0.0,Bullish
2024-10-06,62058.01,62975.0,61798.97,62819.91,8906.86177,0.49048501211271256,0.38208424538063845,0.041093551547140686,0.539663485094957,0.18528224997278991,0.0,Bullish
2024-10-07,62819.91,64478.19,62128.0,62224.0,25966.1852,0.44808210686637984,0.3765754473171836,0.13180514652484465,0.4565018472061615,0.5438418581877531,0.0,Bullish
2024-10-08,62224.01,63200.0,61860.31,62160.49,19702.22371,0.4434725696111843,0.3712920439439599,0.05373736468508722,0.48910907825882394,0.10808389925945222,0.0,Bullish
2024-10-09,62160.5,62543.75,60301.0,60636.02,20011.15684,0.3395795663031381,0.35518518868975824,0.12350469874566238,0.3996298238049504,0.15999721000837624,0.0,Bullish
2024-10-10,60636.01,61321.68,58946.0,60326.39,23967.92481,0.32018087226482284,0.33997896702625957,0.13377441694453318,0.4740362189600764,0.19678251565072863,0.0,Bullish
2024-10-11,60326.4,63417.56,60087.64,62540.0,23641.35209,0.47767989729598714,0.3447539440157896,0.20749574316201957,0.6285755933598569,0.1540756252401167,1.0,Bullish
2024-10-12,62539.99,63480.0,62487.23,63206.22,10911.30116,0.5179456070907611,0.35341471611398617,0.026935509290877332,0.5338039952570408,0.048024459123617316,1.0,Bullish
2024-10-13,63206.23,63285.72,62050.0,62870.02,11909.21995,0.49288706704256835,0.3574323578318514,0.04570499726511723,0.4724076641906585,0.1753090473402508,1.0,Bullish
2024-10-14,62870.02,66500.0,62457.81,66083.99,37669.95222,0.6605580756573284,0.38464313038715275,0.2625232928611827,0.689845143366717,0.5939112938415418,1.0,Bullish
2024-10-15,66084.0,67950.0,64800.01,67074.14,43683.95423,0.7010240324574106,0.41287955167752133,0.19359496534269494,0.5536424749622716,0.18908827945333948,1.0,Bullish
2024-10-16,67074.14,68424.0,66750.49,67620.01,29938.25544,0.7225497668904302,0.4382343228066661,0.07952715878082918,0.5264323197381567,0.0932469446952233,2.0,Bullish
2024-10-17,67620.0,67939.4,66666.0,67421.78,25328.22861,0.7058066494284514,0.4554092103888585,0.048616025488493295,0.48085912235658396,0.12571413775891452,2.0,Bullish
2024-10-18,67421.78,69000.0,67192.36,68428.0,28725.635,0.7473567284505842,0.47509796632515844,0.08988958488490344,0.5546273249318933,0.1839326887165642,2.0,Bullish
2024-10-19,68427.99,68693.26,68010.0,68378.0,8193.66737,0.7427468768255192,0.4885357505297099,0.00302382284137364,0.4899377486623674,0.012401480379895968,2.0,Bullish
2024-10-20,68377.99,69400.0,68100.0,69031.99,12442.47378,0.770288093953952,0.5022524955150688,0.050671050720495284,0.5330549458087527,0.2616085173315956,2.0,Bullish
2024-10-21,69032.0,69519.52,66840.67,67377.5,31374.42184,0.6212776802538547,0.4985550482604677,0.15719629662821427,0.3916665033416301,0.4642806465650802,2.0,Bullish
2024-10-22,67377.5,67836.01,66571.42,67426.0,24598.96268,0.6238230299894258,0.4941486893966247,0.04793539495112756,0.4959699547262997,0.11319216687890613,2.0,Bullish
2024-10-23,67426.01,67472.83,65260.0,66668.65,25530.2407,0.5592533149337289,0.4831364124932463,0.12119318164259911,0.44661353703231854,0.1644786437546621,2.0,Bullish
2024-10-24,66668.65,68850.0,66510.0,68198.28,22589.83877,0.6434354074230033,0.4843877233229922,0.13101790189649504,0.5866845589244066,0.13355647397156162,2.0,Bullish
2024-10-25,68198.27,68771.49,65596.29,66698.33,34479.71125,0.5255587013957133,0.47229744833428494,0.1955426039178373,0.4011328224526191,0.263182516834203,2.0,Bullish
2024-10-26,66698.32,67454.55,66439.9,67092.76,11842.9077,0.5482396702845467,0.4642336202310663,0.028625883429081025,0.5171577033886668,0.024168830536715008,0.0,Bullish
2024-10-27,67092.76,68332.05,66913.73,68021.7,8653.19592,0.5999136699293552,0.46346283938639354,0.05981205017351918,0.5498941653763987,0.10240593709120482,0.0,Bullish
2024-10-28,68021.69,70270.0,67618.0,69962.21,29046.75459,0.6924855966146453,0.4760728971945818,0.15512195724929495,0.6118502930051152,0.6330459177921137,0.0,Bullish
2024-10-29,69962.21,73620.12,69760.0,72736.42,50128.60594,0.7930783541085868,0.5053343710417018,0.24845718594424537,0.6629112116104493,0.3034847569589286,0.0,Bullish
2024-10-30,72736.41,72961.0,71436.0,72344.74,26885.99056,0.7616058449925915,0.5233408721471138,0.06805378294607214,0.4690109117456832,0.06313998553271884,1.0,Bullish
2024-10-31,72344.75,72700.0,69685.76,70292.01,29352.10297,0.611094277217022,0.5197491305802595,0.18310738356659745,0.36727554240244553,0.17536308971147627,1.0,Bullish
2024-11-01,70292.01,71632.95,68820.14,69496.01,38301.86755,0.5592018958157375,0.5087907423968743,0.16754558911238376,0.44424695725457125,0.21844019959986422,1.0,Bullish
2024-11-02,69496.0,69914.37,69000.14,69374.74,10521.67243,0.5511929207616124,0.49729371586269455,0.020867776895335907,0.4855726829077084,0.010272746682340211,1.0,Bullish
2024-11-03,69374.74,69391.0,67478.73,68775.99,24995.70243,0.5107611494007526,0.48189091908674825,0.09797294165273539,0.45632790604237283,0.4347957944772877,0.0,Bullish
2024-11-04,68775.99,69500.0,66835.0,67850.01,29800.39187,0.450555087170157,0.46112626927759937,0.15612629288899493,0.43628608666679647,0.19566965404633962,0.0,Bullish
2024-11-05,67850.01,70577.91,67476.63,69372.01,33355.06888,0.5350677481067801,0.45492989674383577,0.18983179695732677,0.5862172451639454,0.18093158057137546,0.0,Bullish
2024-11-06,69372.01,76400.0,69298.0,75571.99,104126.994787,0.762372799082099,0.4956328549583517,0.4989137723773708,0.8727289653685593,0.5855625745039511,0.0,Bullish
2024-11-07,75571.99,76849.99,74416.0,75857.89,44869.422345,0.7699850447581364,0.5278436855752398,0.1382792485715264,0.5105099660937218,0.04183645787381411,2.0,Bullish
2024-11-08,75857.89,77199.99,75555.0,76509.78,36521.099583,0.7877183066823032,0.5558048060016427,0.07732380090050352,0.5329257148736841,0.11923320656574846,2.0,Bullish
2024-11-09,76509.78,76900.0,75714.66,76677.46,16942.07915,0.7924041838876779,0.5764520060573969,0.041812810378341045,0.5032693589165672,0.048502101688522925,2.0,Bullish
2024-11-10,76677.46,81500.0,76492.0,80370.01,61830.100435,0.8813376056249722,0.6178187924280434,0.3371384777980021,0.7191566793406883,0.6921966348410198,2.0,Bullish
2024-11-11,80370.01,89530.54,80216.01,88647.99,82323.665776,1.0,0.7096616276428628,0.6698462902931733,0.9999999999999998,0.22380280021590193,2.0,Bullish
2024-11-12,88648.0,89940.0,85072.0,87952.01,97299.887911,0.9610498208264941,0.7720668794830186,0.32632255552430983,0.45037225858926316,0.19358802819115212,2.0,Bullish
2024-11-13,87952.0,93265.64,86127.99,90375.2,86763.854127,0.9889763095280588,0.8343111210178202,0.5016679697277784,0.6414129412225853,0.13494852451523098,2.0,Bullish
2024-11-14,90375.21,91790.0,86668.21,87325.59,56729.51086,0.831356013229664,0.8542878395824881,0.34592950490888336,0.30621974403700225,0.08688203427977738,2.0,Bullish
2024-11-15,87325.59,91850.0,87073.38,91032.07,47927.95068,0.8863709784332068,0.8920685572079221,0.31926284854309517,0.7200098484996964,0.12547871272722455,2.0,Bullish
2024-11-16,91032.08,91779.66,90056.17,90586.92,22717.87689,0.8652120363284896,0.9119376556588384,0.08338844303253813,0.4657348156713635,0.050543391300133245,2.0,Bullish
2024-11-17,90587.98,91449.99,88722.0,89855.99,23867.55609,0.829453687576428,0.9153834974820954,0.1609926853462802,0.448167370597574,0.16705462976150648,2.0,Bullish
2024-11-18,89855.98,92594.0,89376.9,90464.08,46545.03448,0.8400082555743702,0.9160599481086998,0.1987796549411776,0.5302437136193482,0.3488173674918029,2.0,Bullish
2024-11-19,90464.07,93905.51,90357.0,92310.79,43660.04682,0.8711560618482603,0.923935958474349,0.2243832606606364,0.6061053348489884,0.14430436391049853,2.0,Bullish
2024-11-20,92310.8,94831.97,91500.0,94286.56,42203.198712,0.9017258211693737,0.938339948050336,0.2076541191667417,0.6140086333614245,0.15008636349948315,2.0,Bullish
2024-11-21,94286.56,98988.0,94040.0,98317.12,69228.360477,0.9543797885871881,0.9732501685658186,0.33250308253784827,0.7398587401759984,0.28622202005462605,2.0,Bullish
2024-11-22,98317.12,99588.01,97122.11,98892.0,46189.309243,0.9611136075007432,0.9976673311368164,0.14074450628405072,0.5282090919781275,0.08958242612979812,2.0,Bullish
2024-11-23,98892.0,98908.85,97136.0,97672.4,24757.84367,0.8952085216876022,1.0,0.08720182819989138,0.4183027752190184,0.06307286297327183,2.0,Bullish
2024-11-24,97672.4,98564.0,95734.77,97900.04,31200.97838,0.8986935231381776,0.9959598048409327,0.16881414228191238,0.5069417223605038,0.2094151602921901,2.0,Bullish
2024-11-25,97900.05,98871.8,92600.19,93010.01,50847.45096,0.6619459023884389,0.9482291530348319,0.4347606745427185,0.19349974521294278,0.2840633220403418,2.0,Bullish
2024-11-26,93010.01,94973.37,90791.1,91965.16,57858.73138,0.6192024560463238,0.8959221060224515,0.27334539566188754,0.42900566901201453,0.18469110636358152,0.0,Bullish
2024-11-27,91965.16,97208.21,91792.14,95863.11,41153.42734,0.7079871903868638,0.8780453100753862,0.36866457352818555,0.7317367902710535,0.09848781223866568,0.0,Bullish
2024-11-28,95863.11,96564.0,94640.0,95643.98,28814.54357,0.6987288771780098,0.8561789965088727,0.09887916142609514,0.4795784499147438,0.09624476828768103,0.0,Bullish
2024-11-29,95643.99,98619.99,95364.99,97460.0,27701.78231,0.7374716120642364,0.8468433612387152,0.20170767961384095,0.6042244428983001,0.149025518515794,0.0,Bullish
2024-11-30,97460.0,97463.95,96092.01,96407.99,14503.83306,0.690271144838557,0.8257190684765346,0.0562288896374199,0.42856714128922263,0.06055965375583232,0.0,Bullish
2024-12-01,96407.99,97836.0,95693.88,97185.18,16938.60452,0.7083828683742477,0.8094474084535143,0.11573036832850735,0.5405999500225378,0.1907494564362599,0.0,Bullish
2024-12-02,97185.17,98130.0,94395.0,95840.62,37958.66981,0.6461019429128516,0.7811003121379438,0.2387908416950716,0.4106499764811944,0.40758112961850107,0.0,Bullish
2024-12-03,95840.61,96305.52,93578.17,95849.69,35827.32283,0.6463512378971159,0.7538631548116137,0.16094324113017194,0.4935556023753992,0.1454831167500721,0.0,Bullish
2024-12-04,95849.69,99000.0,94587.83,98587.32,43850.53728,0.7178585609607222,0.7484626693480811,0.2911066851670443,0.6606708004233384,0.20207923895558416,0.0,Bullish
2024-12-05,98587.32,104088.0,90500.0,96945.63,109921.729662,0.6392773011571042,0.7270784239265266,1.0000000000000002,0.3924510759853397,0.4612856583826721,1.0,Bullish
2024-12-06,96945.63,101898.99,95981.72,99740.84,45049.5331,0.7098080478980728,0.7270047038674716,0.4073855752680036,0.6641973962722685,0.03757740963192985,1.0,Bullish
2024-12-07,99740.84,100439.18,98844.0,99831.99,14931.9459,0.7119931166683646,0.7231569160652308,0.0734756502686982,0.4985821345275663,0.021740326241685315,1.0,Bullish
2024-12-08,99831.99,101351.0,98657.7,101109.59,14612.99688,0.742974875693146,0.7253781515738663,0.15831265432003438,0.5712485055759159,0.1525127080268906,1.0,Bullish
2024-12-09,101109.6,101215.93,94150.05,97276.47,53949.11595,0.5656380775794824,0.6936381077640953,0.4961232644307575,0.25823219430452904,0.700755950809936,1.0,Bullish
2024-12-10,97276.48,98270.0,94256.54,96593.0,51708.68933,0.5377066629184084,0.6594964782791424,0.26030371109744604,0.451138457166376,0.14843741754018888,1.0,Bullish
2024-12-11,96593.0,101888.0,95658.24,101125.0,37753.78291,0.6608677670034429,0.6633462556944395,0.43152748634876076,0.7705703800246941,0.1022967674265099,1.0,Bullish
2024-12-12,101125.0,102540.0,99311.64,100004.29,29232.08745,0.6146170347250284,0.654123453626291,0.19964956411833273,0.4243594800384135,0.11121946072144316,1.0,Bullish
2024-12-13,100004.29,101895.26,99205.0,101424.25,21904.03923,0.6506899007875093,0.6539979435059879,0.1580777942935193,0.5799676126452776,0.10617444849846991,1.0,Bullish
2024-12-14,101424.24,102650.0,100609.41,101420.0,14191.70326,0.6504997955829783,0.6502193360129732,0.10788650698245046,0.49273979381847344,0.08568286883620294,1.0,Bullish
2024-12-15,101420.0,105250.0,101237.14,104463.99,22228.921775,0.7247784804316721,0.6666984923563559,0.26025735714484405,0.6794343972326204,0.2712640580433192,1.0,Bullish
2024-12-16,104463.99,107793.07,103333.0,106058.66,41302.40274,0.759169560069084,0.6878891876117513,0.29480727571640114,0.5906680565627261,0.33020925064925377,1.0,Bullish
2024-12-17,106058.65,108353.0,105321.49,106133.74,29064.936466,0.7607951900855425,0.7010256565849037,0.18444160483564426,0.49759850949571804,0.09695945644481309,1.0,Bullish
2024-12-18,106133.74,106524.98,100000.0,100204.01,50307.99755,0.5085004269861718,0.6622424899431467,0.45433517616047114,0.12982196754404823,0.30451376901967353,1.0,Bullish
2024-12-19,100204.01,102800.11,95700.0,97461.86,55147.398,0.4197979351576778,0.6073552143632455,0.498767757426676,0.3250513248926957,0.17626644387206533,1.0,Bullish
2024-12-20,97461.86,98233.0,92232.54,97805.44,62884.1357,0.43068993592151505,0.5638368910040947,0.4138125507962071,0.514042686631519,0.18517675613276766,0.0,Bullish
2024-12-21,97805.44,99540.61,96398.39,97291.99,23483.54143,0.41366509941194773,0.5232336237014167,0.19299468165650524,0.4615522656449052,0.030224025764481494,0.0,Bullish
2024-12-22,97292.0,97448.08,94250.35,95186.27,19353.83036,0.34613664118088605,0.47332260731879366,0.1972831948380238,0.36403006977245567,0.1212947875380845,0.0,Bullish
2024-12-23,95186.28,96538.92,92520.0,94881.47,32810.76703,0.3366082912672217,0.4303219143589898,0.2607255320661194,0.474330816494522,0.29732606133915734,0.0,Bullish
2024-12-24,94881.47,99487.99,93569.02,98663.58,23674.22488,0.47086316044575816,0.4241654354373273,0.4075169114670411,0.7246419506889046,0.10056179847431646,0.0,Bullish
2024-12-25,98663.58,99569.15,97632.02,99429.6,14474.1651,0.49510102813420664,0.4241122419610539,0.09989354042219135,0.5399158222762284,0.07830465216736561,0.0,Bullish
2024-12-26,99429.61,99963.7,95199.14,95791.6,21192.36727,0.37325311028327046,0.39550063119284784,0.31833113409580444,0.27018268721948957,0.2506169928788489,0.0,Bullish
2024-12-27,95791.6,97544.58,93500.01,94299.03,26501.26429,0.3293950949217943,0.361082309192063,0.26270716353983586,0.4015842120220287,0.20744779931351062,0.0,Bullish
2024-12-28,94299.03,95733.99,94135.66,95300.0,8385.8929,0.36592539782259215,0.3413842399459102,0.07371900851985697,0.5543057787664384,0.018704826471685115,0.0,Bullish
2024-12-29,95300.0,95340.0,93009.52,93738.2,13576.00578,0.3184283565187236,0.31404206455291833,0.13028241918188366,0.39734408992023174,0.2818881255863998,0.0,Bullish
2024-12-30,93738.19,95024.5,91530.45,92792.05,27619.4225,0.29049677913449934,0.28568331043944734,0.22017586689617075,0.43505134939145074,0.3658495117778244,0.0,Bullish
2024-12-31,92792.05,96250.0,92033.73,93576.0,19612.03389,0.3229308850676704,0.26994905562949645,0.2759721196426425,0.5410139789898668,0.09824674345301182,1.0,Bullish
2025-01-01,93576.0,95151.15,92888.0,94591.79,10373.32613,0.36471241373033536,0.2660402515303751,0.12508073313411422,0.5552134576563503,0.06164194635615371,1.0,Bullish
2025-01-02,94591.78,97839.5,94392.0,96984.79,21970.48948,0.4556439081391426,0.2818671668156921,0.21657957274016781,0.6395638976539985,0.38273195251306363,1.0,Bullish
2025-01-03,96984.79,98976.91,96100.01,98174.18,15253.82936,0.4970909320121961,0.3038642016135682,0.17249696381610558,0.5658459175273892,0.09505533659167828,1.0,Bullish
2025-01-04,98174.17,98778.43,97514.79,98220.5,8990.05651,0.49873568765655774,0.3217910425415014,0.04786200119284201,0.49583704897791175,0.07385414114871976,1.0,Bullish
2025-01-05,98220.51,98836.85,97276.79,98363.61,8095.63723,0.5041572859920775,0.3370574430073277,0.07076239890975632,0.5017639103933521,0.13672553233309764,1.0,Bullish
2025-01-06,98363.61,102480.0,97920.0,102235.6,25263.43375,0.6339410223946853,0.3782951036729679,0.3025275265221868,0.730146821041491,0.5853300008602939,1.0,Bullish
2025-01-07,102235.6,102724.38,96181.81,96954.61,32059.87537,0.4251324053470702,0.3701176919528509,0.45569411953757377,0.16955527409207588,0.21118860904926995,1.0,Bullish
2025-01-08,96954.6,97268.65,92500.9,95060.61,33704.67894,0.36544788183290233,0.34895929334135584,0.3185775826104694,0.37699848597691193,0.16719553079380794,1.0,Bullish
2025-01-09,95060.61,95382.32,91203.67,92552.49,34544.83685,0.2938871729950835,0.3132225085398476,0.2730657268145264,0.33938493424534055,0.16186567895065715,0.0,Bullish
2025-01-10,92552.49,95836.0,92206.02,94726.11,31482.86424,0.371234150649734,0.3019144575892906,0.2306773548580487,0.6261269427513075,0.13891837011342634,0.0,Bullish
2025-01-11,94726.1,95050.94,93831.73,94599.99,7047.9043,0.36738645251181057,0.29246432613560724,0.044429491002698634,0.48527563549771646,0.0,0.0,Bullish
2025-01-12,94599.99,95450.1,93711.19,94545.06,8606.86622,0.3655949404868827,0.2851164700062766,0.08457973961439753,0.48963518903239645,0.20152434783883885,0.0,Bullish
2025-01-13,94545.07,95940.0,89256.69,94536.1,42619.56423,0.36528110067517094,0.2798474495581012,0.46656721168614046,0.4924500960351211,0.9553464925517346,0.0,Bullish
2025-01-14,94536.11,97371.0,94346.22,96560.86,27846.61753,0.44622452348065966,0.291663546452324,0.18392166800063064,0.6170091184367831,0.0867887480452677,0.0,Bullish
2025-01-15,96560.85,100681.94,96500.0,100497.35,30509.99179,0.5756866369076447,0.33120358687378393,0.27331990098795766,0.7340978578288218,0.1761551056281192,0.0,Bullish
2025-01-16,100497.35,100866.66,97335.13,99987.3,27832.85317,0.5544311071507121,0.3583513678217789,0.22307144380201321,0.46176050506634225,0.13909847827403563,1.0,Bullish
2025-01-17,99987.3,105865.22,99950.77,104077.48,39171.85292,0.6656998579451778,0.41030695219969066,0.40716771169077587,0.7435102796777915,0.23914885567441224,1.0,Bullish
2025-01-18,104077.47,104988.88,102277.55,104556.23,24307.82998,0.6772714213293838,0.45376629608883656,0.15970559059571054,0.5223220410403145,0.08015436233611349,1.0,Bullish
2025-01-19,104556.23,106422.43,99651.6,101331.57,43397.28298,0.5433874579006833,0.46203697277476186,0.4733287082389508,0.29549908864629737,0.3155137958686417,1.0,Bullish
2025-01-20,101331.57,109588.0,99550.0,102260.01,89529.231732,0.5698720758217319,0.4740851286180022,0.7257391137742316,0.5498635419320688,0.3716256028225666,2.0,Bullish
2025-01-21,102260.0,107240.81,100119.04,106143.82,45941.02002,0.6682861596229248,0.5113292872464179,0.5004411351155919,0.7308713717343158,0.05845202647175442,2.0,Bullish
2025-01-22,106143.82,106394.46,103339.12,103706.66,22248.69254,0.5740399509089344,0.5200363267960003,0.18628262931980327,0.34373101346451573,0.05262213888053531,2.0,Bullish
2025-01-23,103706.66,106850.0,101262.28,103910.34,53953.12031,0.5794211887642321,0.526278578108715,0.3819256668016085,0.5054742469082564,0.444770101174164,2.0,Bullish
2025-01-24,103910.35,107120.0,102750.0,104870.5,23609.24017,0.6054813854423553,0.5362455511856267,0.287848774865033,0.5518056807714161,0.043185733429573006,2.0,Bullish
2025-01-25,104870.51,105286.52,104106.09,104746.85,9068.32377,0.6001481463834447,0.5408121452656033,0.041433480532885966,0.4854256903749294,0.03237786238463827,2.0,Bullish
2025-01-26,104746.86,105500.0,102520.44,102620.0,9812.51238,0.5106810803674375,0.5259303309237082,0.1804281251062279,0.3627359230151107,0.1734111163001074,2.0,Bullish
2025-01-27,102620.01,103260.0,97777.77,102082.83,50758.1341,0.4890524790851213,0.50801548539365,0.373775869368381,0.46009887697704976,1.0,2.0,Bullish
2025-01-28,102082.83,103800.0,100272.68,101335.52,22022.05765,0.4585068581518442,0.48633761835007516,0.22274619356792635,0.4472290682633322,0.04243296333324319,0.0,Bullish
2025-01-29,101335.52,104782.68,101328.01,103733.24,23155.35802,0.5432754820004418,0.4857681247589308,0.21713350247375607,0.6398523704995783,0.16722744477197446,0.0,Bullish
2025-01-30,103733.25,106457.44,103278.54,104722.94,19374.07472,0.5754352143304218,0.49108355193475706,0.1958284532922132,0.5536149138623756,0.12383169300034808,0.0,Bullish
2025-01-31,104722.94,106012.0,101560.0,102429.56,21983.18193,0.4768816874240773,0.47609441614770487,0.2941838150539099,0.3525370911157709,0.18404076329893598,0.0,Bullish
2025-02-01,102429.56,102783.71,100279.51,100635.65,12290.95747,0.40811783047126804,0.44914921985666645,0.1437034335917836,0.38312807459381026,0.06774037563919443,0.0,Bullish
2025-02-02,100635.66,101456.6,96150.0,97700.59,34619.49939,0.31003819811014566,0.40450468826158736,0.36020729487603476,0.3132355751327828,0.523910874824107,0.0,Bullish
2025-02-03,97700.59,102500.01,91231.0,101328.52,75164.7385,0.44182535187460703,0.396187289463826,0.8208427457609307,0.7151989053956059,0.39347941058724073,0.0,Bullish
2025-02-04,101328.51,101732.31,96150.0,97763.13,40267.98697,0.33383517677582897,0.3619688037822818,0.3815077086623177,0.2746310487427245,0.06301662055664076,0.0,Bullish
2025-02-05,97763.14,99149.0,96155.0,96612.43,26233.30444,0.3025201664695689,0.32612789990698626,0.1815437102321718,0.4225220733786718,0.08640312662197444,0.0,Bullish
2025-02-06,96612.44,99120.0,95676.64,96554.35,23515.20405,0.300894518733974,0.29769603501374,0.21625973046721725,0.4894416488642377,0.1358924755018396,0.0,Bullish
2025-02-07,96554.35,100137.99,95620.34,96506.8,31794.22065,0.29946746309096683,0.27547270036100413,0.29925571003439555,0.4900871910706932,0.227969586468437,0.0,Bullish
2025-02-08,96506.8,96880.0,95688.0,96444.74,10147.24294,0.2974714774567795,0.25825700767433357,0.04232733925221838,0.48919849871626514,0.019254440224252323,0.0,Bullish
2025-02-09,96444.75,97323.09,94713.0,96462.75,14120.91613,0.2983272695995318,0.24576704439116737,0.15188413366007725,0.49410192462222896,0.23595726335760958,0.0,Bullish
2025-02-10,96462.75,98345.0,95256.0,97430.82,20572.87537,0.3453907983719182,0.24431437655020063,0.18888308606074872,0.5522907561295888,0.2491533850927868,0.0,Bullish
2025-02-11,97430.82,98478.42,94876.88,95778.2,18647.76379,0.2837424989161963,0.23168568434547898,0.2284801775047356,0.39178164749230665,0.13792066042273143,1.0,Bullish
2025-02-12,95778.21,98119.99,94088.23,97869.99,29151.16625,0.3824213365596546,0.23879196181729712,0.26171750665179316,0.6211144973835325,0.2706417936539367,1.0,Bullish
2025-02-13,97870.0,98083.91,95217.36,96608.14,19921.77616,0.3341111727254573,0.2358902685500957,0.1716973581337286,0.41571448170432923,0.09285452306971677,1.0,Bullish
2025-02-14,96608.13,98826.0,96252.82,97500.48,18173.02646,0.37558888501985677,0.2414890170953779,0.14903259300920568,0.5476531417203998,0.13909150271937115,1.0,Bullish
2025-02-15,97500.47,97972.26,97223.58,97569.66,7349.37683,0.37888376679251956,0.24745208866134275,0.008077948806694567,0.497237152852635,0.036481910810533896,1.0,Bullish
2025-02-16,97569.67,97704.47,96046.18,96118.12,8191.4249,0.31826648497164833,0.242119975034065,0.07835131351650453,0.4040965593947824,0.1799800990690285,1.0,Bullish
2025-02-17,96118.12,97046.59,95205.0,95780.0,16492.0451,0.30451410836541093,0.23642831035018758,0.09251244603627358,0.4722906826333223,0.3615862175419548,1.0,Bullish
2025-02-18,95780.01,96753.91,93388.09,95671.74,23368.19471,0.29989360564046486,0.23225997221221462,0.21026925465934565,0.48636827999137683,0.24107676875890416,1.0,Bullish
2025-02-19,95671.74,96899.99,95029.99,96644.37,16438.50954,0.3570523220608047,0.2375155445524618,0.09470730569195669,0.5525700419418684,0.09690813186337442,1.0,Bullish
2025-02-20,96644.37,98711.36,96415.09,98305.0,17057.39177,0.44608787784017956,0.2553031599742739,0.1276394713177199,0.594707901338612,0.16443618838274826,1.0,Bullish
2025-02-21,98305.01,99475.0,94871.95,96181.98,32249.2814,0.34473260502534153,0.25406235449629644,0.3058534226213474,0.36297049859867114,0.3367936689506453,2.0,Bullish
2025-02-22,96181.99,96980.0,95770.49,96551.01,11268.17708,0.36475415664993427,0.2567935409748523,0.043680102102306204,0.5156008074789792,0.0253678665343825,2.0,Bullish
2025-02-23,96551.01,96650.0,95227.94,96258.0,10884.84913,0.3506784451597804,0.2575935634937504,0.060100989811401384,0.4750535297806872,0.1499548931312378,2.0,Bullish
2025-02-24,96258.0,96500.0,91349.26,91552.88,31550.10299,0.1694991757886143,0.22346940326839143,0.34816608312190844,0.20482551986359127,0.5404537625856598,2.0,Bullish
2025-02-25,91552.88,92540.69,86050.99,88680.4,78333.11111,0.09155636340055029,0.17624594129682203,0.4516095637475007,0.3170690178938903,0.45645231781280987,0.0,Bullish
2025-02-26,88680.39,89414.15,82256.01,84250.09,56893.54409,0.0005689231675790052,0.10750404185431958,0.5032509572091214,0.22165738980459776,0.10152449684038706,0.0,Bullish
2025-02-27,84250.09,87078.46,82716.49,84708.58,42505.45439,0.026007647089993147,0.05969719636515752,0.2872284044660492,0.5210805666072164,0.10572791507964814,0.0,Bullish
2025-02-28,84708.57,85120.0,78258.52,84349.94,83648.03969,0.01887844791390708,0.022651152487048576,0.4803320179111672,0.471034508946945,0.352413767474845,0.0,Bullish
2025-03-01,84349.95,86558.0,83824.78,86064.53,25785.05464,0.11727719008297044,0.010153579279536584,0.16139673729978993,0.5980121709817139,0.01705251857171361,0.0,Bullish
2025-03-02,86064.54,95000.0,85050.6,94270.0,54889.09045,0.4484010994340344,0.0661710131713883,0.7188941801067373,0.9955583756345174,0.384901712626298,0.0,Bullish
2025-03-03,94269.99,94416.46,85117.11,86220.61,59171.10218,0.2493358732364087,0.052171888737798044,0.668673535292355,0.0,0.17259224181758134,1.0,Bullish
2025-03-04,86221.16,88967.52,81500.0,87281.98,55609.10706,0.28184942664614687,0.052449373457820136,0.5271526003022283,0.5579714050526225,0.14466494564853893,1.0,Bullish
2025-03-05,87281.98,91000.0,86334.53,90606.01,38264.01163,0.3775490942866059,0.08103862653343624,0.31067577882366065,0.6965859759324221,0.09380289545821961,1.0,Bullish
2025-03-06,90606.0,92810.64,87836.0,89931.89,34342.44902,0.3612467852243436,0.10121551538992685,0.3345611980333565,0.4517123405131017,0.13611992080693042,1.0,Bullish
2025-03-07,89931.88,91283.02,84667.03,86801.75,57980.35713,0.2890214832759702,0.09597819232419214,0.46136629820424846,0.3012887570311425,0.2959093370196272,1.0,Bullish
2025-03-08,86801.74,86897.25,85218.47,86222.45,12989.23054,0.27623618508346737,0.0902003648671395,0.07993430099784633,0.4575197704956581,3.300670615205559e-05,1.0,Bullish
2025-03-09,86222.46,86500.0,80000.0,80734.37,26115.39345,0.16862354692209935,0.04690280501053157,0.45240530660049405,0.15687104345099212,0.36102277320686715,1.0,Bullish
2025-03-10,80734.48,84123.46,77459.91,78595.86,47633.38405,0.13304242974756608,6.0909162291178376e-05,0.4650406215137969,0.3620156596044923,0.3233209293257445,1.0,Bullish
2025-03-11,78595.86,83617.4,76606.0,82932.99,48770.06853,0.2683419970793305,0.0,0.49191432553453807,0.7586351988318991,0.16165071314767512,1.0,Bullish
2025-03-12,82932.99,84539.85,80607.65,83680.12,31933.986,0.2899367017355652,0.009413324493892983,0.25402584078344476,0.5387588685494767,0.08707369239478496,0.0,Bullish
2025-03-13,83680.12,84336.33,79939.9,81115.78,27546.27412,0.2384493652913663,0.0010725985005679561,0.28989066647713135,0.33594163416498457,0.12906537418267106,0.0,Bullish
2025-03-14,81115.78,85309.71,80818.84,83983.2,26858.52755,0.3225096358732096,0.020038399238660687,0.29718677861661363,0.668620034102267,0.1517839090793143,0.0,Bullish
2025-03-15,83983.19,84676.28,83618.0,84338.44,11324.7332,0.3326866424729248,0.041163514298691195,0.03199658834908879,0.5147574378221583,0.03996399173069799,1.0,Bullish
2025-03-16,84338.44,85117.04,81981.12,82574.53,17596.12531,0.292403643221556,0.04769655263231731,0.1925079651541889,0.38496548125355196,0.268727380501764,1.0,Bullish
2025-03-17,82574.52,84756.83,82456.0,84010.03,17214.74358,0.3367835866079453,0.06694385594692193,0.1279917613574914,0.5809200017639098,0.15244925792189512,1.0,Bullish
2025-03-18,84010.02,84021.74,81134.66,82715.03,17610.89883,0.3052885726467416,0.0752617820592894,0.1732834358785778,0.41368537228308755,0.161478830867626,1.0,Bullish
2025-03-19,82715.03,87000.0,82547.16,86845.94,28151.05374,0.4272350321539998,0.11599907131669046,0.2942487105875518,0.7460048654528346,0.27776437258598635,1.0,Bullish
2025-03-20,86845.93,87453.67,83655.23,84223.39,22090.30463,0.3606545026713279,0.13054457976790637,0.24369199961680776,0.33237706524508587,0.11332573224778972,2.0,Bullish
2025-03-21,84223.38,84850.33,83175.25,84088.79,11956.97443,0.35728603073186116,0.14323882094230203,0.07964845162347041,0.48475626188189547,0.06413752342445522,2.0,Bullish
2025-03-22,84088.79,84539.17,83625.1,83840.59,5420.22114,0.35068462550902846,0.153477962226704,0.020855415841308553,0.4777980028614546,0.0463626578031333,2.0,Bullish
2025-03-23,83840.59,86129.64,83809.75,86082.5,8461.97813,0.42158015623644884,0.1805283786831455,0.12946427191846677,0.6303094927777667,0.27022437535634947,2.0,Bullish
2025-03-24,86082.5,88765.43,85519.09,87498.16,30115.62111,0.4637719118870096,0.21418659842423937,0.20103863756462514,0.5797042510240479,0.673896719810938,2.0,Bullish
2025-03-25,87498.16,88539.63,86310.0,87392.87,22643.25248,0.46029399935709747,0.241123893115608,0.12249109231544243,0.4865507957195767,0.10669221695883097,2.0,Bullish
2025-03-26,87392.88,88275.0,85860.0,86909.17,18408.78485,0.44349198335852724,0.2596237608661191,0.13681214597168734,0.4633737481135952,0.11904129643309677,2.0,Bullish
2025-03-27,86909.17,87756.39,85800.0,87232.01,17098.03897,0.4547605117680621,0.27740822577788327,0.10138150230070146,0.5127724261607506,0.14244144114948923,2.0,Bullish
2025-03-28,87232.01,87515.67,83585.0,84424.38,27182.73169,0.35667153272102925,0.2707301764943563,0.25390763820430984,0.3210408786233665,0.27600923388681387,2.0,Bullish
2025-03-29,84424.38,84624.73,81644.81,82648.54,11696.39864,0.3018265318380178,0.2527736480464643,0.18045593747778893,0.3842348058718609,0.04171062536737688,2.0,Bullish
2025-03-30,82648.53,83534.64,81565.0,82389.99,9864.49508,0.2939411489631858,0.23767203838285555,0.10240515208731878,0.4771647100327305,0.12518136046248576,2.0,Bullish
2025-03-31,82390.0,83943.08,81278.52,82550.01,20569.13885,0.30110646654402373,0.22814808656849922,0.1560922999904203,0.5027995952805592,0.3761021792522018,2.0,Bullish
2025-04-01,82550.0,85579.46,82432.74,85158.34,20190.39697,0.41152090913929995,0.24163765304402285,0.19334233630101677,0.6527521901887378,0.1531082031038244,0.0,Bullish
2025-04-02,85158.35,88500.0,82320.0,82516.29,39931.457,0.3207841098609159,0.2332558263447555,0.4276831985463403,0.3311815259784795,0.35439569200916643,0.0,Bullish
2025-04-03,82516.28,83998.02,81211.24,83213.09,27337.84135,0.3496205645388484,0.23311070223002095,0.16553460013535376,0.5356769251122039,0.09310178225000305,0.0,Bullish
2025-04-04,83213.09,84720.0,81659.0,82431.59,15904.34945,0.32275667452286716,0.2282289629492225,0.18671990160601026,0.4451350371401131,0.07231978664768102,0.0,Bullish
