timestamp,open,high,low,close,volume,RSI,MACD,HL_Volatility,Body,Volume_Change,KMeans_Cluster,DTW_Cluster,KMeans_Sentiment,DTW_Sentiment
2025-03-15 18:00:00,84422.25,84476.46,84125.01,84223.29,284.29156,0.48910864904643064,0.4845950563234326,0.09180931528662781,0.5373557750016817,0.06974941812770179,,,,
2025-03-15 19:00:00,84223.28,84320.49,84076.92,84299.98,324.78211,0.5249459550044799,0.48733443970734225,0.05825786226114865,0.6180602927097751,0.11330133996553951,,,,
2025-03-15 20:00:00,84299.99,84450.0,84299.98,84389.31,174.96258,0.565895943524735,0.4937950544672131,0.029163141918791068,0.6217550290279779,0.05028213984422008,,,,
2025-03-15 21:00:00,84389.31,84467.7,84237.58,84388.73,199.25715,0.5655816467934147,0.49876596332192596,0.0540748158837565,0.5954351562065419,0.11292865022093052,,,,
2025-03-15 22:00:00,84388.73,84450.1,84322.82,84382.65,161.41378,0.5620485616167763,0.5022481027876278,0.022090838972929565,0.5938249303943294,0.0786091309842891,,,,
2025-03-15 23:00:00,84382.65,84411.69,84268.4,84338.44,171.21716,0.5353057462034516,0.5026871639247976,0.027070063694270043,0.582661673990757,0.10477394961891212,,,,
2025-03-16 00:00:00,84338.44,84391.06,84213.03,84253.52,183.74346,0.4847219683167057,0.49877576615225744,0.037874452627388165,0.5707430752970873,0.10607102161937763,,,,
2025-03-16 01:00:00,84253.53,84277.03,83840.0,83869.31,457.47235,0.30345448496286903,0.47708163155004935,0.1184253085191079,0.48311751427977506,0.253940158352613,,,,
2025-03-16 02:00:00,83869.32,84130.39,83733.86,83966.05,320.67384,0.36229727817577145,0.4648730078070853,0.10582951831210152,0.6239244423495234,0.06721978762128894,,,,
2025-03-16 03:00:00,83966.05,84393.72,83906.26,84332.34,252.10048,0.5465535668811257,0.47322123590961673,0.13410939988057521,0.7028430732477067,0.07611232545204823,,,,
2025-03-16 04:00:00,84332.35,84418.0,84245.98,84408.97,266.06424,0.5789689338454589,0.4836252336576823,0.03600529956210317,0.6180368712434152,0.10421603160058288,,,,
2025-03-16 05:00:00,84408.97,84411.85,84305.95,84395.31,207.70079,0.5719059531139268,0.49117143054820367,0.0154415057722957,0.5916057464567704,0.07553642922005044,,,,
2025-03-16 06:00:00,84395.31,84400.0,84228.0,84228.0,145.78217,0.48795773693930017,0.4889902490964625,0.0359990794187898,0.5466218926301437,0.0673154769405418,,,,
2025-03-16 07:00:00,84228.01,84373.64,83972.57,84273.96,345.16527,0.510810241132273,0.4894874233918516,0.10724149084394667,0.6090576665778639,0.2411993533476473,0.0,0.0,Sideways,Sideways
2025-03-16 08:00:00,84273.95,84335.43,84162.83,84268.36,218.05774,0.5078603336949108,0.4895933633753797,0.03618568371815014,0.5939683868757826,0.05999425313492285,0.0,0.0,Sideways,Sideways
2025-03-16 09:00:00,84268.36,84271.03,83800.0,83897.02,456.91285,0.33954881177819846,0.47177139369378335,0.12899955214968115,0.4868883703636487,0.2127750184516422,0.0,0.0,Sideways,Sideways
2025-03-16 10:00:00,83897.02,84066.92,83649.04,83666.98,458.6363,0.2600374172252687,0.44691382096508936,0.11246952129777213,0.5282565353210329,0.09882791320532135,0.0,0.0,Sideways,Sideways
2025-03-16 11:00:00,83666.98,83691.61,82381.46,82410.02,1849.0388,0.015139014890308222,0.3673535899703951,0.3899718849522274,0.22760688239789206,0.4148880860933834,0.0,0.0,Sideways,Sideways
2025-03-16 12:00:00,82410.01,82931.41,82400.0,82755.89,1045.99634,0.1590238980035617,0.3230610271253767,0.14777816480891826,0.696867671642754,0.05309946955076058,0.0,0.0,Sideways,Sideways
2025-03-16 13:00:00,82755.89,83151.81,82498.38,82596.1,1101.71905,0.1335830384234632,0.28254351032150427,0.18572725915604874,0.5488235104679337,0.10399501869742155,0.0,0.0,Sideways,Sideways
2025-03-16 14:00:00,82596.09,83385.97,82575.36,83373.16,862.87399,0.389660715526619,0.2905798159739619,0.23461136544585998,0.8231064476369228,0.07580422030832779,0.0,0.0,Sideways,Sideways
2025-03-16 15:00:00,83373.15,83508.95,82981.14,83320.83,771.86427,0.37867960462748945,0.29660793469321256,0.1466585390127381,0.580287322838567,0.0874243958132222,0.0,0.0,Sideways,Sideways
2025-03-16 16:00:00,83320.83,85117.04,83293.42,83634.53,3344.71639,0.4646579668843854,0.3186281421044354,0.5496647342754761,0.687446386799661,0.4463804885469816,0.0,0.0,Sideways,Sideways
2025-03-16 17:00:00,83633.49,84118.56,83483.45,83913.22,905.46005,0.5337938810325589,0.35124015172420076,0.18002960788216574,0.677501046646777,0.022307568290208274,0.0,0.0,Sideways,Sideways
2025-03-16 18:00:00,83913.22,84094.52,83633.14,83701.75,531.09149,0.48136625341497036,0.36816459886965586,0.12599833300159377,0.5336932431997234,0.055275471704677906,0.0,0.0,Sideways,Sideways
2025-03-16 19:00:00,83701.76,83727.28,82562.36,83098.47,1100.6719,0.3534884710368476,0.3537292008020986,0.3448043142914006,0.4189807563377044,0.2103841659808608,1.0,0.0,Sideways,Sideways
2025-03-16 20:00:00,83098.47,83453.01,82910.77,83216.98,547.08888,0.38525233793608177,0.3496621558125188,0.15114637241241746,0.6303009365658847,0.04593370394181946,1.0,0.0,Sideways,Sideways
2025-03-16 21:00:00,83216.99,83224.31,82688.82,82766.52,482.34007,0.30148595033159503,0.3263536633436712,0.14904707404458306,0.4637216124508513,0.08608004612871697,1.0,0.0,Sideways,Sideways
2025-03-16 22:00:00,82766.51,82846.0,82090.7,82093.71,911.28605,0.20093560966096807,0.27752347696745683,0.2174095591162429,0.39863042975463436,0.1912640197999511,1.0,0.0,Sideways,Sideways
2025-03-16 23:00:00,82093.72,82632.0,81981.12,82574.53,829.66854,0.3245394693814884,0.26483232292517644,0.18493419088375937,0.7363709023412679,0.08908513962896791,1.0,2.0,Sideways,Sideways
2025-03-17 00:00:00,82574.52,83156.5,82523.0,83054.91,514.41819,0.43093345043687287,0.28057865630258133,0.17952888634554137,0.7362479396428813,0.058770836704590684,1.0,0.0,Sideways,Sideways
2025-03-17 01:00:00,83054.9,83400.0,82825.55,83233.8,552.38898,0.4676526149217309,0.30390080611954806,0.16116391321655957,0.6479812159839825,0.10613916115668966,1.0,0.0,Sideways,Sideways
2025-03-17 02:00:00,83233.8,83375.35,82981.68,83212.51,364.65635,0.4635366071535529,0.3232486150277095,0.1049400378184753,0.5893719241027361,0.0629583043226094,1.0,0.0,Sideways,Sideways
2025-03-17 03:00:00,83212.51,83725.39,83212.5,83675.65,708.95371,0.5580707190900964,0.3626004193866044,0.14201831210191063,0.7311976859591238,0.19699135655234212,1.0,0.0,Sideways,Sideways
2025-03-17 04:00:00,83675.64,83869.77,83522.0,83615.53,468.72749,0.5448766985758136,0.3919674281659682,0.09066480891719869,0.5780066575518127,0.06306370484452574,1.0,0.0,Sideways,Sideways
2025-03-17 05:00:00,83615.53,83615.53,83120.0,83120.0,603.93675,0.44277732154588784,0.39220026780487377,0.13661922770700596,0.4505294715238889,0.12854512168150622,0.0,2.0,Sideways,Sideways
2025-03-17 06:00:00,83120.01,83295.07,82682.62,83220.91,642.44701,0.4651633972915176,0.39833910359428093,0.1729821855095577,0.6251452862835137,0.10509033221736107,0.0,2.0,Sideways,Sideways
2025-03-17 07:00:00,83220.91,83636.36,83212.83,83567.87,721.46174,0.5392497890974828,0.4208890856775481,0.1142267117834391,0.6971838614386029,0.11127252512428,0.0,2.0,Sideways,Sideways
2025-03-17 08:00:00,83567.88,83719.39,83221.18,83547.17,511.92445,0.5345442016033737,0.43832714440559306,0.13745272691083,0.5895417297338427,0.06811716861544548,0.0,2.0,Sideways,Sideways
2025-03-17 09:00:00,83547.16,83783.02,83431.09,83664.31,550.97551,0.5602994162230943,0.458202099617139,0.09195859872611697,0.6299027716377739,0.10639696926263334,0.0,2.0,Sideways,Sideways
2025-03-17 10:00:00,83664.31,83687.17,83260.04,83344.34,424.06115,0.4837529790318877,0.45870125161430525,0.11534633757961926,0.5019278794497124,0.07438961951563751,0.0,2.0,Sideways,Sideways
2025-03-17 11:00:00,83344.34,83699.0,83220.11,83514.73,417.30684,0.5240242607404413,0.4676382141988566,0.13144406847133736,0.6454897574999927,0.09677156676022941,0.0,2.0,Sideways,Sideways
2025-03-17 12:00:00,83514.73,84000.0,83002.01,83052.0,1602.93914,0.4205763960559055,0.4525824610136239,0.2928878881369442,0.46013227273126633,0.3950080366048606,0.0,2.0,Sideways,Sideways
2025-03-17 13:00:00,83052.01,83735.84,82808.52,83023.38,1353.72595,0.41455774362107806,0.439814598582943,0.27090901174362814,0.5872230045642614,0.08220515691380832,0.0,2.0,Sideways,Sideways
2025-03-17 14:00:00,83023.37,83358.5,82456.0,82913.03,1546.82937,0.3905516261595507,0.4250472566812959,0.26318981389331203,0.563300904361371,0.11332427663838854,0.0,2.0,Sideways,Sideways
2025-03-17 15:00:00,82913.03,83701.71,82706.58,83531.06,969.57355,0.5449821853984027,0.44397267130292467,0.2919984076433135,0.7765445725143236,0.05947908435586359,0.0,2.0,Sideways,Sideways
2025-03-17 16:00:00,83531.07,83878.9,83103.6,83448.86,972.11069,0.525033359327725,0.45534503571042584,0.22362970242834027,0.5715364774700115,0.0987073290429246,0.0,2.0,Sideways,Sideways
2025-03-17 17:00:00,83448.86,84336.89,83358.49,84197.46,1045.92714,0.6744170226265755,0.5006954470576763,0.28679525776273695,0.8147713332962514,0.10636057486423874,0.0,1.0,Sideways,Sideways
2025-03-17 18:00:00,84197.46,84585.0,83983.74,84496.58,1090.21429,0.7232704466727493,0.5504955172553372,0.16950201532643144,0.6831778245556498,0.10285410097155868,0.0,2.0,Sideways,Sideways
2025-03-17 19:00:00,84496.57,84756.83,84311.07,84482.55,725.81983,0.7194023124164921,0.5881277029473438,0.12114040107483912,0.5915003498581527,0.06354439754332046,0.0,2.0,Sideways,Sideways
2025-03-17 20:00:00,84482.55,84506.8,83846.15,83954.36,506.33404,0.5832114363956624,0.5910272098026709,0.18797273089172242,0.4409676578826403,0.06686844202980735,0.0,2.0,Sideways,Sideways
2025-03-17 21:00:00,83954.36,84251.86,83883.87,84077.8,377.45641,0.607249231853912,0.5980749037968343,0.09695337380573409,0.6317442844302884,0.07186496105517531,0.0,2.0,Sideways,Sideways
2025-03-17 22:00:00,84077.8,84249.99,84000.02,84061.19,218.83761,0.6029659506589615,0.6015451266937664,0.06024830812101946,0.5907420798847663,0.05456836351369473,0.0,2.0,Sideways,Sideways
2025-03-17 23:00:00,84061.19,84140.98,83746.12,84010.03,323.71739,0.589031217909179,0.6005084327701823,0.10531013634554155,0.5806269341007759,0.14846160386987012,0.0,2.0,Sideways,Sideways
2025-03-18 00:00:00,84010.02,84021.74,83702.53,83790.24,280.13543,0.5295724953113752,0.5878284404664352,0.08178244426751789,0.5312603383816357,0.0843808539996662,0.0,2.0,Sideways,Sideways
2025-03-18 01:00:00,83790.24,83915.98,83015.39,83161.97,903.36529,0.38640667706757165,0.54649145134262,0.26259579020700524,0.41166740346696146,0.33066430641039507,0.0,2.0,Sideways,Sideways
2025-03-18 02:00:00,83161.98,83532.61,83081.67,83367.64,445.46915,0.4392561466473001,0.5233500295762035,0.12275141819267585,0.6558156964812187,0.04552367059588853,0.0,2.0,Sideways,Sideways
2025-03-18 03:00:00,83367.65,83367.65,82960.0,83147.6,598.19056,0.39291682206288253,0.49421877215146054,0.10928791799362875,0.5311812909326756,0.13422079505494938,0.0,2.0,Sideways,Sideways
2025-03-18 04:00:00,83147.6,83205.77,82838.8,82989.11,621.0049,0.3605951347955953,0.46369188520652294,0.09663614649681562,0.5492041092962714,0.10241531167316496,0.0,0.0,Sideways,Sideways
2025-03-18 05:00:00,82989.11,83128.1,82895.57,83010.87,743.9242,0.36700121347006603,0.4411033077687163,0.05482434315286587,0.6019756006874187,0.11909575235164474,0.0,0.0,Sideways,Sideways
2025-03-18 06:00:00,83010.86,83019.4,82244.68,82450.01,1234.9382,0.25921167249262617,0.3969228609505022,0.2234493182722933,0.4314058442413917,0.16733169008839893,0.0,0.0,Sideways,Sideways
2025-03-18 07:00:00,82450.02,83280.0,82358.69,83163.81,1191.95624,0.44766503496091276,0.39773821741975673,0.2690398586783432,0.8045800677465899,0.0948010619079321,0.0,0.0,Sideways,Sideways
2025-03-18 08:00:00,83163.81,83452.3,83048.71,83281.29,526.74962,0.4744813786862276,0.4050686199392409,0.10802522890127278,0.6299993851865071,0.04017899176955334,0.0,0.0,Sideways,Sideways
2025-03-18 09:00:00,83281.29,83349.06,82780.0,82840.51,458.74305,0.3871256696897995,0.3905246902333622,0.1594875845939483,0.46655853756364096,0.0849574342393145,0.0,0.0,Sideways,Sideways
2025-03-18 10:00:00,82840.5,82942.1,82596.85,82819.65,479.85282,0.38317194112698877,0.3792388920700669,0.08988107085987258,0.5895007421677138,0.10323761832392551,0.0,0.0,Sideways,Sideways
2025-03-18 11:00:00,82819.65,82861.76,82500.0,82581.1,394.26285,0.33777925858893604,0.36014676838901133,0.09501579916401108,0.5257650768370516,0.07981531491820675,0.0,0.0,Sideways,Sideways
2025-03-18 12:00:00,82581.09,82821.6,82330.38,82404.66,658.78879,0.3054997848939613,0.3381484122927043,0.13527878682324873,0.5439518454651672,0.1684700855127711,0.0,0.0,Sideways,Sideways
2025-03-18 13:00:00,82404.65,82480.47,81134.66,81366.64,2072.84164,0.15580281889750092,0.27261562688068774,0.4010624004777062,0.2917085081404249,0.32249080296712457,0.0,0.0,Sideways,Sideways
2025-03-18 14:00:00,81365.78,81978.86,81150.28,81854.71,1493.47462,0.28120416733056347,0.2472436026274262,0.24020016421178392,0.7387481811767556,0.06925816220882441,0.0,0.0,Sideways,Sideways
2025-03-18 15:00:00,81854.72,82212.93,81537.02,81610.21,1017.77265,0.24786351586203997,0.21833282983695423,0.19271870023885002,0.5240201775932704,0.0651854186759355,1.0,0.0,Sideways,Sideways
2025-03-18 16:00:00,81610.22,82160.49,81547.22,81851.51,678.82544,0.3072894307650978,0.21038328612333218,0.17323721138535156,0.6662470320610581,0.06367098748523004,1.0,0.0,Sideways,Sideways
2025-03-18 17:00:00,81851.52,81975.8,81332.58,81466.7,894.91848,0.2523776303534155,0.18878297988011267,0.18255187599522324,0.48294185328207745,0.1316634651128628,1.0,0.0,Sideways,Sideways
2025-03-18 18:00:00,81466.69,81950.8,81245.65,81889.38,568.60084,0.3524078246337921,0.195636066560966,0.20181254976114918,0.7193552070311251,0.060371843911914254,1.0,0.0,Sideways,Sideways
2025-03-18 19:00:00,81889.38,82476.26,81762.45,82317.21,898.10914,0.4425690063483049,0.22495171017841697,0.20450587181528584,0.72086003624472,0.15892607628883282,1.0,0.0,Sideways,Sideways
2025-03-18 20:00:00,82317.2,82353.8,81870.23,82050.0,438.19738,0.397699038907597,0.23804734454237492,0.13289958200637156,0.5173772641970692,0.04497974318165832,1.0,0.0,Sideways,Sideways
2025-03-18 21:00:00,82050.0,82208.9,81934.76,82062.98,250.73575,0.4005456715018553,0.2517844116907839,0.06776535131369407,0.5994050947544688,0.05377806119638647,1.0,0.0,Sideways,Sideways
2025-03-18 22:00:00,82062.98,82566.35,82000.0,82395.74,392.05825,0.4729342253662146,0.28127345253931085,0.15864475517516102,0.6930265511598047,0.15726885899796297,1.0,0.0,Sideways,Sideways
2025-03-18 23:00:00,82395.74,82810.95,82395.74,82715.03,367.98354,0.5369967942292861,0.32211878449529296,0.11163913216560253,0.6890829617615268,0.09202431452763513,1.0,0.0,Sideways,Sideways
2025-03-19 00:00:00,82715.03,83280.0,82603.2,83118.0,948.61607,0.6104336690690844,0.37542745557741963,0.1929954966162429,0.7135818155735191,0.2631408984481692,1.0,2.0,Sideways,Sideways
2025-03-19 01:00:00,83118.0,83166.3,82582.0,82598.7,749.40105,0.5045486038480425,0.3934613352262667,0.16422733379777157,0.4435703683318346,0.07651269458902582,1.0,2.0,Sideways,Sideways
2025-03-19 02:00:00,82598.7,82900.0,82547.16,82868.91,424.72904,0.5542294278915803,0.4216888144647474,0.09224161524681418,0.6747138921500049,0.05321018604389826,1.0,2.0,Sideways,Sideways
2025-03-19 03:00:00,82868.91,83083.0,82740.94,83037.17,628.95132,0.5844024514253032,0.4526694275485934,0.0888889580015916,0.6448661609581708,0.14862560194443894,1.0,2.0,Sideways,Sideways
2025-03-19 04:00:00,83037.17,83078.46,82792.91,82952.87,399.46826,0.5658699515258412,0.4732864684205798,0.0713139430732493,0.5709245916613718,0.06034760112108824,0.0,2.0,Sideways,Sideways
2025-03-19 05:00:00,82952.88,83320.0,82910.72,83241.99,603.39392,0.6199359178113777,0.5035391269239593,0.1097948596735665,0.6802472135774245,0.15172199765827366,0.0,2.0,Sideways,Sideways
2025-03-19 06:00:00,83242.0,83322.81,83117.81,83200.0,354.68616,0.609694870041418,0.525044481389828,0.046262315883757954,0.5833086919989345,0.05540859648399455,0.0,2.0,Sideways,Sideways
2025-03-19 07:00:00,83200.0,83364.16,83039.99,83190.0,531.22582,0.6071034043455363,0.5409926352705982,0.08332503980891663,0.5926772785427166,0.1503902602545129,0.0,2.0,Sideways,Sideways
2025-03-19 08:00:00,83190.0,83500.0,83178.74,83413.01,651.99833,0.6528041000905656,0.5636307859383336,0.08242000895700471,0.6608952269979229,0.12216579191549515,0.0,1.0,Sideways,Sideways
2025-03-19 09:00:00,83413.01,83596.47,83360.16,83527.37,851.15994,0.6757145015795343,0.586017994048937,0.055999950238852764,0.6290859479984897,0.13031999139415787,0.0,1.0,Sideways,Sideways
2025-03-19 10:00:00,83527.38,83800.0,83448.62,83467.41,859.93957,0.6572168422228062,0.5995552915510519,0.09178754478503327,0.5780476451179416,0.09951090003285702,0.0,2.0,Sideways,Sideways
2025-03-19 11:00:00,83467.41,84119.09,83381.97,83881.4,1193.46598,0.7398771402950803,0.6288380175916992,0.2117554488455399,0.716808122564531,0.1389197844369595,0.0,2.0,Sideways,Sideways
2025-03-19 12:00:00,83881.4,83927.56,83510.21,83748.75,931.05539,0.6971884264684043,0.6437878379482331,0.11230468749999725,0.5567692429303787,0.07548275317662498,0.0,1.0,Sideways,Sideways
2025-03-19 13:00:00,83748.75,84343.56,83623.43,84092.16,1810.23924,0.762031187202777,0.6702728488843813,0.20647143710191224,0.6961445338689055,0.1970036734140928,0.0,1.0,Sideways,Sideways
2025-03-19 14:00:00,84092.17,84389.71,83873.05,84318.59,1651.63215,0.8007794768014533,0.699857857728631,0.1431908091162431,0.6618935670014958,0.08928830966179747,0.0,1.0,Sideways,Sideways
2025-03-19 15:00:00,84318.59,84888.0,84111.84,84733.05,1440.0209,0.8639440859150371,0.7405931708908907,0.22389716859076536,0.7169457236793974,0.08506010297377685,2.0,1.0,Sideways,Sideways
2025-03-19 16:00:00,84733.05,84826.29,84428.72,84574.01,1422.34293,0.8093639943434887,0.7619708673842465,0.10615296576432884,0.5490430867150493,0.0971527277045606,2.0,1.0,Sideways,Sideways
2025-03-19 17:00:00,84574.01,84705.56,83753.39,84230.97,1625.57252,0.6998458663506029,0.7590741898629225,0.2786375398089166,0.4951737140883068,0.11334909998070755,2.0,1.0,Sideways,Sideways
2025-03-19 18:00:00,84230.97,85870.01,83578.32,85612.25,4366.47391,0.8900977855943271,0.8202643440183147,0.6952378582802508,1.0,0.27443934243420065,2.0,1.0,Sideways,Sideways
2025-03-19 19:00:00,85612.24,85950.0,84926.73,85433.38,2451.04868,0.8418936406506956,0.8558046337101652,0.3007501492834407,0.5432404184244966,0.05264396360608108,2.0,1.0,Sideways,Sideways
2025-03-19 20:00:00,85433.38,85854.99,85200.1,85353.99,1272.17922,0.8201615809675957,0.8756364854282462,0.18618132961783418,0.5723620841591843,0.04822858241875551,2.0,1.0,Sideways,Sideways
2025-03-19 21:00:00,85354.0,85914.71,85331.89,85635.99,480.21091,0.8550146455874554,0.9003457631088232,0.1637670431926773,0.6781627030714343,0.03345146322530873,2.0,1.0,Sideways,Sideways
2025-03-19 22:00:00,85636.0,86500.0,85635.99,86158.52,1291.15663,0.9124695096926259,0.9401827623922592,0.2512191480891703,0.7485822693644307,0.2747121772182914,2.0,1.0,Sideways,Sideways
2025-03-19 23:00:00,86158.52,87000.0,86158.52,86845.94,1212.0858,0.9742937676347494,0.9993618534812017,0.24421215664808787,0.7968597668978559,0.09204160524067286,2.0,1.0,Sideways,Sideways
2025-03-20 00:00:00,86845.93,87453.67,85942.16,86017.68,2268.33245,0.7708722053769463,1.0,0.4525962878184696,0.3531195929349147,0.18939834180752757,2.0,1.0,Sideways,Sideways
2025-03-20 01:00:00,86017.68,86369.57,85733.11,85867.96,943.13783,0.7383742742715125,0.9874553419592829,0.18044946755573443,0.5517716875459321,0.0374508245345411,2.0,1.0,Sideways,Sideways
2025-03-20 02:00:00,85867.97,86121.87,85619.56,86065.51,664.59119,0.7628002261401068,0.9814555892757354,0.13872785628980816,0.6534384176457311,0.06760506004417034,2.0,1.0,Sideways,Sideways
2025-03-20 03:00:00,86065.51,86128.0,85818.77,85891.02,430.06208,0.722462101583951,0.9627282911446158,0.07867859275477579,0.5445198160243846,0.06159749495779927,2.0,1.0,Sideways,Sideways
2025-03-20 04:00:00,85891.01,85930.39,85430.38,85684.78,557.66112,0.6751912761881622,0.932713072741602,0.13801253980891554,0.5352273492462692,0.12940513399930276,2.0,1.0,Sideways,Sideways
2025-03-20 05:00:00,85684.78,85838.85,85468.75,85827.28,879.80074,0.6968250404620295,0.9109972702362439,0.09760959892516102,0.6373244487904278,0.15873345808204203,2.0,1.0,Sideways,Sideways
2025-03-20 06:00:00,85827.27,86013.05,85632.08,85759.28,537.82095,0.6800259268853628,0.8858901180029575,0.10099024681528697,0.575699643115405,0.057859558054835364,2.0,1.0,Sideways,Sideways
2025-03-20 07:00:00,85759.29,86000.0,85695.86,85816.39,414.39218,0.6897061047702391,0.8644394451756285,0.07709556628184694,0.6123220334517112,0.07447802798933954,2.0,0.0,Sideways,Sideways
2025-03-20 08:00:00,85816.39,86300.0,85705.18,86241.05,580.18306,0.7581927320482211,0.8638053672833095,0.16749912917993845,0.719931960640227,0.14019676937648098,2.0,0.0,Sideways,Sideways
2025-03-20 09:00:00,86241.06,86268.64,85795.53,85877.28,474.26737,0.6623221191445323,0.8415037855680749,0.12964644705414027,0.4891016989346165,0.07937809694735987,2.0,0.0,Sideways,Sideways
2025-03-20 10:00:00,85877.28,85943.74,84755.14,85173.78,1525.49548,0.5080806259716757,0.7861132869854486,0.3521689639729317,0.3896424420391901,0.3298068534317537,2.0,0.0,Sideways,Sideways
2025-03-20 11:00:00,85173.78,85514.15,85168.36,85502.17,469.16074,0.5685406801446999,0.7551428035816768,0.09004901472929736,0.6917471535599166,0.026152374130080203,2.0,0.0,Sideways,Sideways
2025-03-20 12:00:00,85502.16,85564.0,85207.99,85356.07,443.50635,0.5383169757935788,0.7207983448341726,0.0932275079617818,0.5528344365819895,0.0927262519542841,2.0,0.0,Sideways,Sideways
2025-03-20 13:00:00,85356.06,85870.0,85080.57,85513.81,1078.68485,0.568543640968741,0.6988398843163869,0.22802423367834174,0.641789165815199,0.2479318040853668,2.0,0.0,Sideways,Sideways
2025-03-20 14:00:00,85513.44,86532.04,85471.1,86171.86,1757.65291,0.6805711150666041,0.7109391229416692,0.3124657892117796,0.7883694853425534,0.16413837574741266,2.0,0.0,Sideways,Sideways
2025-03-20 15:00:00,86171.86,86219.05,84565.16,84691.76,2658.1053,0.41747717522800704,0.6465746540476542,0.4968774880573245,0.1622785573547778,0.15191104919324486,2.0,0.0,Sideways,Sideways
2025-03-20 16:00:00,84691.27,84908.0,83655.23,83802.01,2113.09312,0.30908175553518674,0.5514773891445431,0.3721262937898101,0.3352577971525325,0.07703129074255474,2.0,0.0,Sideways,Sideways
2025-03-20 17:00:00,83802.01,84366.52,83741.62,84093.43,1306.38278,0.35907322848218054,0.4902904332684823,0.17685422472134024,0.680923508418553,0.05858335181128013,2.0,0.0,Sideways,Sideways
2025-03-20 18:00:00,84093.43,84344.0,83945.65,84060.53,640.18218,0.3550121913516267,0.4407439735173014,0.10639555135350497,0.5859728837973243,0.04520216177447234,2.0,0.0,Sideways,Sideways
2025-03-20 19:00:00,84060.53,84419.99,83922.0,84174.79,556.02857,0.3761575557934171,0.4079718892606513,0.1373843053343965,0.6290566711655387,0.08471249123834733,2.0,0.0,Sideways,Sideways
2025-03-20 20:00:00,84176.87,84609.21,84141.3,84530.1,484.79628,0.44086652914793595,0.4003286086497843,0.12802920979299467,0.6990195188645306,0.08506150792821339,0.0,0.0,Sideways,Sideways
2025-03-20 21:00:00,84530.09,84601.89,84250.67,84350.0,411.19854,0.4135213285777583,0.386665904080973,0.09173778363853537,0.542880313379221,0.08258730661613337,0.0,0.0,Sideways,Sideways
2025-03-20 22:00:00,84350.0,84500.0,83980.58,84141.31,494.26998,0.38196784144351165,0.3670654524755198,0.14404918889331153,0.5345071391557141,0.11952233050222744,0.0,0.0,Sideways,Sideways
2025-03-20 23:00:00,84141.3,84360.0,83922.01,84223.39,401.49858,0.39883034751893837,0.3570446525243033,0.11872387539809076,0.6196383140057433,0.07884175210872124,0.0,0.0,Sideways,Sideways
2025-03-21 00:00:00,84223.38,84535.27,84180.09,84507.07,382.39992,0.456749164316166,0.36435591599699957,0.09296937201433354,0.6786604092315719,0.09346874432478368,0.0,0.0,Sideways,Sideways
2025-03-21 01:00:00,84507.08,84789.62,84371.37,84775.07,348.21253,0.5088659789155472,0.3844077001057413,0.11258459394904455,0.6740639464585296,0.08910192558758018,0.0,0.0,Sideways,Sideways
2025-03-21 02:00:00,84775.07,84850.33,84520.67,84685.4,336.72525,0.49138288756757237,0.3969814701868779,0.08503246914809023,0.5693524257319904,0.09499059073159559,0.0,0.0,Sideways,Sideways
2025-03-21 03:00:00,84685.39,84731.21,84270.25,84451.96,335.46598,0.44599310844920464,0.39662672921223985,0.12586770999204017,0.5272640506840554,0.09804380395781274,0.0,1.0,Sideways,Sideways
2025-03-21 04:00:00,84451.97,84798.93,84451.96,84662.74,337.33979,0.49155607034159227,0.40754794990948034,0.09041600318470919,0.6573117426449291,0.09901724143967948,0.0,1.0,Sideways,Sideways
2025-03-21 05:00:00,84662.75,84672.88,84336.95,84469.66,281.44277,0.45215617522136425,0.40772247609752726,0.08698248407643545,0.5390743250958097,0.08113763067019483,0.0,1.0,Sideways,Sideways
2025-03-21 06:00:00,84469.67,84476.31,84017.53,84200.0,776.05419,0.39945111315692666,0.39578585978141834,0.12518971437101872,0.5166541264232207,0.281881929108462,0.0,2.0,Sideways,Sideways
2025-03-21 07:00:00,84200.0,84269.71,83700.47,83937.98,762.07705,0.3513106710141642,0.3748645571065324,0.15954356588375956,0.5188938041438419,0.09655414924135061,0.0,2.0,Sideways,Sideways
2025-03-21 08:00:00,83937.99,84156.0,83732.09,84022.32,431.88665,0.3733396915107959,0.36382890319261507,0.11434489450637048,0.6202941150638096,0.05320654055152884,0.0,2.0,Sideways,Sideways
2025-03-21 09:00:00,84022.31,84337.66,83801.89,84137.99,419.98348,0.40415599956052467,0.3621735570057343,0.14913415605095665,0.6294724021934227,0.09555723588207389,0.0,2.0,Sideways,Sideways
2025-03-21 10:00:00,84137.99,84286.63,83892.82,84164.17,320.85737,0.41137506388372896,0.36357497802748145,0.10498357882165531,0.6032696367037781,0.0737968165934846,0.0,0.0,Sideways,Sideways
2025-03-21 11:00:00,84164.18,84173.92,83941.92,84046.52,313.69765,0.3845959369787458,0.36042606358594736,0.05465950935509553,0.5611578401894831,0.09610489494053276,0.0,0.0,Sideways,Sideways
2025-03-21 12:00:00,84046.52,84358.51,83377.95,83467.98,925.01088,0.2695143991186055,0.3315437550827002,0.2874670332404451,0.4262267724926565,0.30185287990525206,0.0,0.0,Sideways,Sideways
2025-03-21 13:00:00,83467.98,84101.28,83175.25,83935.7,1163.35707,0.40070808883452474,0.3332345486105389,0.27050781249999956,0.7325385649082031,0.12533092324478154,0.0,0.0,Sideways,Sideways
2025-03-21 14:00:00,83935.71,84290.27,83509.31,84240.33,821.90289,0.4752253449171297,0.35100220595973824,0.22539000298567072,0.6847880503678623,0.06779636645427936,0.0,0.0,Sideways,Sideways
2025-03-21 15:00:00,84240.33,84271.74,83559.82,83565.48,563.57801,0.3465685941373559,0.33397501251695444,0.2039180682722924,0.3980302546791682,0.06562585215274894,0.0,0.0,Sideways,Sideways
2025-03-21 16:00:00,83565.47,84140.78,83379.0,84095.97,754.01133,0.46479877281136156,0.34795035217681547,0.21942488554936265,0.7509185606337851,0.13370594801787924,0.0,0.0,Sideways,Sideways
2025-03-21 17:00:00,84095.97,84148.97,83711.2,84024.11,435.76594,0.4511931599796712,0.357036872193654,0.11865545382165729,0.5745666296802677,0.05437639980162725,0.0,0.0,Sideways,Sideways
2025-03-21 18:00:00,84024.12,84435.87,83905.49,84101.66,643.58473,0.46850725110592933,0.3693876647589416,0.14745782742834085,0.6183062181065527,0.14821589620511444,0.0,0.0,Sideways,Sideways
2025-03-21 19:00:00,84101.66,84199.29,83800.0,83956.36,396.26692,0.4382465450058352,0.3734189880338481,0.10668789808916995,0.5530657235622872,0.05832091388497594,0.0,2.0,Sideways,Sideways
2025-03-21 20:00:00,83956.35,84231.73,83813.21,84216.2,334.98292,0.49953366431183027,0.39040461293462575,0.11266856588375468,0.671680812256451,0.08229068096838325,0.0,2.0,Sideways,Sideways
2025-03-21 21:00:00,84216.21,84584.0,84173.92,84394.0,415.26153,0.5396776192952717,0.41339362709262856,0.11004366540605148,0.6476562431382407,0.12345004373701939,0.0,2.0,Sideways,Sideways
2025-03-21 22:00:00,84394.01,84414.86,84100.82,84185.39,225.94187,0.4901551554416304,0.42220817423969537,0.08017453722133557,0.5345276329387807,0.05084454461715307,0.0,2.0,Sideways,Sideways
2025-03-21 23:00:00,84185.38,84226.26,84050.16,84088.79,231.16771,0.4674831453027561,0.4252132014883431,0.03727420879776797,0.5673264688918981,0.10084851468321687,0.0,2.0,Sideways,Sideways
2025-03-22 00:00:00,84088.79,84255.45,84043.47,84206.24,284.79547,0.49794566153732184,0.43394460750196534,0.048433145899680244,0.6299906021366268,0.12265009077774344,0.0,2.0,Sideways,Sideways
2025-03-22 01:00:00,84206.24,84338.98,83989.58,84075.48,280.44797,0.46463538112742025,0.43510502795739925,0.09117175059713192,0.5573225750731163,0.09684070497074933,0.0,2.0,Sideways,Sideways
2025-03-22 02:00:00,84075.48,84254.74,84019.64,84188.96,197.76333,0.4963446281253345,0.44208723998866295,0.055623631568473136,0.6288283118685386,0.06765826968312486,0.0,2.0,Sideways,Sideways
2025-03-22 03:00:00,84188.97,84296.02,84135.89,84256.74,243.93485,0.5155689627470259,0.4513494359916322,0.032307424363058765,0.615445871527403,0.1228048083898745,0.0,2.0,Sideways,Sideways
2025-03-22 04:00:00,84256.73,84392.16,84210.0,84367.4,178.54541,0.547352340885306,0.4643582129561389,0.03915891222133865,0.6280056328626591,0.07045260615480306,0.0,2.0,Sideways,Sideways
2025-03-22 05:00:00,84367.41,84429.09,84258.62,84323.3,183.25451,0.5330782788072661,0.47269825693496115,0.035523238455414365,0.5826909508237037,0.10118731393147046,0.0,1.0,Sideways,Sideways
2025-03-22 06:00:00,84323.3,84400.0,84153.21,84335.83,193.48849,0.5370792720432216,0.4800136701525683,0.0592593053343929,0.5992733490061978,0.10426363736789906,0.0,2.0,Sideways,Sideways
2025-03-22 07:00:00,84335.83,84382.36,84220.9,84274.72,199.70833,0.5150807512295554,0.48289520451528783,0.032721063893314084,0.5777138892223195,0.10178971857043347,0.0,2.0,Sideways,Sideways
2025-03-22 08:00:00,84274.71,84286.58,84109.0,84222.01,223.78121,0.4956113380751504,0.4826747492194314,0.03773449940286677,0.580176070873354,0.11101677355085167,0.0,2.0,Sideways,Sideways
2025-03-22 09:00:00,84222.01,84539.17,84222.01,84360.01,322.33818,0.5471471081905532,0.48921426838419463,0.08114487957802655,0.6360069913077085,0.1444070968573385,0.0,2.0,Sideways,Sideways
2025-03-22 10:00:00,84360.01,84440.0,84360.0,84413.62,127.10886,0.5669105561758907,0.49690989995701085,0.007386420183121016,0.6113002719817785,0.03521168218078323,0.0,1.0,Sideways,Sideways
2025-03-22 11:00:00,84413.63,84419.8,84204.68,84239.25,198.34352,0.494910135764489,0.49444027314852207,0.04940970839968459,0.5445520205406248,0.15693391099709433,0.0,1.0,Sideways,Sideways
2025-03-22 12:00:00,84239.24,84296.39,84176.49,84232.39,218.30063,0.4921109048338426,0.4921046508230762,0.019795606090762516,0.5935994987806184,0.10893729019013365,0.0,1.0,Sideways,Sideways
2025-03-22 13:00:00,84232.4,84242.3,84040.99,84168.31,255.7496,0.4649603329265957,0.4871439585277789,0.04511469944267442,0.576841439600431,0.11634119512696742,0.0,2.0,Sideways,Sideways
2025-03-22 14:00:00,84168.31,84203.69,84001.71,84007.23,274.82755,0.3996193733337677,0.47550997080109586,0.04532307424362929,0.548445839322885,0.10622090807988048,0.0,2.0,Sideways,Sideways
2025-03-22 15:00:00,84007.23,84130.43,83975.42,84109.09,268.67853,0.449388032267853,0.4714478043501618,0.030715067675157595,0.6254263438798249,0.09609865639732998,0.0,0.0,Sideways,Sideways
2025-03-22 16:00:00,84109.08,84160.0,84063.53,84141.0,210.7468,0.4650242459378881,0.4699943024277485,0.012508708200637302,0.6049501269150706,0.07592695716966029,0.0,0.0,Sideways,Sideways
2025-03-22 17:00:00,84141.0,84258.42,84130.57,84238.83,187.6109,0.5130067299556513,0.473777004217946,0.02226811305732212,0.6242464875119677,0.08697472896934468,0.0,0.0,Sideways,Sideways
2025-03-22 18:00:00,84238.83,84320.0,84191.52,84239.14,250.47953,0.5131615744422686,0.4769208363839545,0.02246404757165478,0.5956957200197907,0.13341373331738296,0.0,0.0,Sideways,Sideways
2025-03-22 19:00:00,84239.14,84271.74,84162.04,84171.59,169.93759,0.4776568549626478,0.47625902544486487,0.01662333300159597,0.5758284611803827,0.06486905929029349,0.0,0.0,Sideways,Sideways
2025-03-22 20:00:00,84171.59,84204.19,83944.69,83944.69,244.7941,0.3706476183260003,0.4649461555545974,0.06321220640923565,0.5291758278756455,0.1444151844751121,0.0,0.0,Sideways,Sideways
2025-03-22 21:00:00,83944.7,84103.99,83841.41,84010.87,216.42605,0.40930440110493177,0.4595370145864828,0.0641701084792999,0.6149774422002122,0.08633747922335623,0.0,0.0,Sideways,Sideways
2025-03-22 22:00:00,84010.87,84069.75,83958.82,83961.39,143.99744,0.38621122164707483,0.4532428171757653,0.01700587181528445,0.5811187848943267,0.06350093067258544,0.0,0.0,Sideways,Sideways
2025-03-22 23:00:00,83961.39,83961.39,83625.1,83840.59,345.16229,0.3317679527608887,0.4428909594431885,0.08709444665604894,0.5602385476348704,0.24426041729614306,0.0,0.0,Sideways,Sideways
2025-03-23 00:00:00,83840.59,84048.54,83809.75,84007.0,228.18973,0.4336344659313052,0.4433148493173812,0.05677124800955213,0.644324539548611,0.06305897062512937,0.0,0.0,Sideways,Sideways
2025-03-23 01:00:00,84007.0,84132.59,83978.74,84067.56,162.78143,0.46821295819514,0.44707693244475327,0.0303542993630546,0.6133350118717553,0.06851324667058964,0.0,0.0,Sideways,Sideways
2025-03-23 02:00:00,84067.57,84277.07,83993.12,84233.78,195.88491,0.5567094025667338,0.45850189620570325,0.07081633160828386,0.644265985882709,0.11966208374845799,0.0,0.0,Sideways,Sideways
2025-03-23 03:00:00,84233.78,84250.02,84131.81,84224.39,148.34163,0.5512668148924322,0.46734001598316177,0.019270003980893707,0.5928558672237075,0.07309885195386168,0.0,0.0,Sideways,Sideways
2025-03-23 04:00:00,84224.39,84229.37,84070.22,84100.0,177.81647,0.4802356010913233,0.46851035579524175,0.03200263734076251,0.5591875093319908,0.119175038401263,0.0,0.0,Sideways,Sideways
2025-03-23 05:00:00,84099.99,84240.0,84099.99,84230.1,102.65029,0.5518780944373269,0.4759203501820199,0.02604996019108117,0.6336970491880074,0.05430875945090934,0.0,0.0,Sideways,Sideways
2025-03-23 06:00:00,84230.11,84288.62,84192.57,84242.24,135.71372,0.558430995874484,0.4824515841067274,0.012378085191079177,0.5991562416744022,0.1320563742948905,0.0,2.0,Sideways,Sideways
2025-03-23 07:00:00,84242.25,84328.24,84216.98,84279.82,120.90156,0.5795205743453766,0.4894455180522054,0.0171085041799392,0.6066042679767096,0.087041312576999,0.0,2.0,Sideways,Sideways
2025-03-23 08:00:00,84279.82,84354.2,84263.05,84347.12,208.36154,0.6171791785884895,0.4981540775546313,0.010854150079616019,0.6153082704125367,0.17394615138136654,0.0,2.0,Sideways,Sideways
2025-03-23 09:00:00,84347.12,84376.25,84320.0,84325.66,170.00464,0.6013800083190701,0.5038305897921583,0.0,0.589322153486727,0.07921812103316464,0.0,2.0,Sideways,Sideways
2025-03-23 10:00:00,84325.67,84500.0,84314.31,84461.98,220.59011,0.6773542906047645,0.5146682110051012,0.04025676751592428,0.6355122128308643,0.12949431520470775,0.0,2.0,Sideways,Sideways
2025-03-23 11:00:00,84461.98,85027.32,84461.97,84679.99,1038.99732,0.7774665668691252,0.5333614925678213,0.1583337480095559,0.6594313853504613,0.48571122485505147,0.0,2.0,Sideways,Sideways
2025-03-23 12:00:00,84680.0,84811.48,84573.4,84725.24,314.80166,0.7959061179039126,0.5496734424097957,0.05655043292197505,0.6088498010639218,0.025676331676924347,0.0,1.0,Sideways,Sideways
2025-03-23 13:00:00,84725.24,85108.47,84644.24,85093.59,630.37542,0.9179593522016176,0.5794997067185381,0.1268847034235656,0.703446176006462,0.20307525976176855,0.0,1.0,Sideways,Sideways
2025-03-23 14:00:00,85093.59,85214.35,84850.43,84899.76,579.89326,0.7784544270957137,0.5924901799879061,0.0956875746417237,0.5388576765319831,0.09007474196862465,0.0,1.0,Sideways,Sideways
2025-03-23 15:00:00,84899.77,85254.17,84899.76,85189.41,440.6707,0.865094623837164,0.6154346943076662,0.09272989649681634,0.6804023807920555,0.07337309165149297,0.0,1.0,Sideways,Sideways
2025-03-23 16:00:00,85189.41,85394.37,84942.77,85250.0,588.31748,0.8811129262528705,0.6348811069056387,0.12295668292197179,0.6133437949216397,0.13340840777745838,0.0,1.0,Sideways,Sideways
2025-03-23 17:00:00,85250.01,85413.05,84876.87,85017.66,462.33011,0.7346581442238336,0.6372528024110409,0.14926166898885582,0.5275802404799086,0.07608026299054484,0.0,1.0,Sideways,Sideways
2025-03-23 18:00:00,85017.67,85036.0,84800.0,84972.78,336.96182,0.7084946702392219,0.6352510640506177,0.05590353801751591,0.5824625915266993,0.07012848034623853,2.0,1.0,Sideways,Sideways
2025-03-23 19:00:00,84972.79,85080.0,84903.94,85011.19,193.581,0.7225806857370862,0.6338583029719127,0.037261768511145765,0.6068472656901894,0.05401723066529116,2.0,1.0,Sideways,Sideways
2025-03-23 20:00:00,85011.2,85272.65,85011.19,85102.62,223.47842,0.7560189810615336,0.6355128662583271,0.0638217804538191,0.6223698425199152,0.11455582269869546,2.0,1.0,Sideways,Sideways
2025-03-23 21:00:00,85102.61,85184.0,84923.91,85179.99,220.04471,0.7835360469950834,0.6388587132771252,0.06339570063694157,0.6182593751738328,0.09683031885238882,2.0,1.0,Sideways,Sideways
2025-03-23 22:00:00,85179.99,85679.18,85160.37,85361.21,672.70218,0.8428198512298286,0.6484946706410089,0.14385947452229222,0.6486604385084045,0.3131663457244687,2.0,1.0,Sideways,Sideways
2025-03-23 23:00:00,85361.22,86129.64,85361.22,86082.5,888.58802,1.0,0.6889678054996902,0.2214899731289803,0.8067729025344954,0.13193378232336614,2.0,1.0,Sideways,Sideways
2025-03-24 00:00:00,86082.5,86641.13,85865.64,86021.74,1253.7974,0.9633960655374911,0.7154632299728504,0.2236887937898105,0.5778163581376439,0.14133640365759442,2.0,1.0,Sideways,Sideways
2025-03-24 01:00:00,86021.74,86038.78,85528.38,85563.04,808.31786,0.7264919473032292,0.7115340422386127,0.1412439042595523,0.4613121290991193,0.061345723250048466,2.0,1.0,Sideways,Sideways
2025-03-24 02:00:00,85563.03,85950.0,85519.09,85883.16,491.12974,0.8014916948048734,0.7213337335269151,0.11652194466560614,0.6893288871583043,0.057472939416996445,2.0,1.0,Sideways,Sideways
2025-03-24 03:00:00,85883.16,86577.15,85875.91,86532.07,1018.39825,0.9156316552664419,0.7576180389829621,0.20059651174362764,0.7855852585290747,0.21050019879014867,2.0,1.0,Sideways,Sideways
2025-03-24 04:00:00,86532.07,86932.47,86532.06,86841.83,1254.55624,0.9576353255034769,0.7978997430416753,0.10703622611465075,0.6862928795814571,0.12264019627209938,2.0,1.0,Sideways,Sideways
2025-03-24 05:00:00,86841.83,87027.32,86812.05,86899.73,899.4714,0.965129284220543,0.8287204546094874,0.04945635947452355,0.6125562481153024,0.06888942686673624,2.0,1.0,Sideways,Sideways
2025-03-24 06:00:00,86899.72,87300.0,86899.72,87113.37,1182.96937,0.9922846447963907,0.8592805280178527,0.10699579518312063,0.6581549154338665,0.1313345606781814,2.0,1.0,Sideways,Sideways
2025-03-24 07:00:00,87113.37,87178.52,86753.1,86874.52,840.27046,0.888128487658093,0.8674886183603332,0.11481451532643255,0.5256772463382028,0.06819447206645486,2.0,1.0,Sideways,Sideways
2025-03-24 08:00:00,86874.52,87519.38,86838.76,87416.35,1152.73374,0.9623028366386659,0.8957015894398012,0.19418354398885654,0.7542356258069435,0.1372508452879515,2.0,1.0,Sideways,Sideways
2025-03-24 09:00:00,87416.34,87513.52,87125.72,87163.73,697.87829,0.8652373627042058,0.9009923326947967,0.10311442575637031,0.5216487541243738,0.05724503650492346,2.0,1.0,Sideways,Sideways
2025-03-24 10:00:00,87163.73,87909.99,87129.63,87801.27,1152.2906,0.947004153422953,0.9311488249937068,0.22520339868630587,0.7822564826227385,0.1664028447248908,2.0,2.0,Sideways,Sideways
2025-03-24 11:00:00,87801.28,87858.82,87515.25,87689.52,731.38051,0.9073346783397553,0.9443449775923363,0.08935857882165821,0.5628851733334912,0.06030427859704002,2.0,2.0,Sideways,Sideways
2025-03-24 12:00:00,87689.52,87711.7,87246.89,87328.1,1023.53081,0.7863941074807996,0.9320744316899987,0.12706508757961707,0.4897926321922206,0.14013084171178164,2.0,1.0,Sideways,Sideways
2025-03-24 13:00:00,87328.09,87710.33,87138.6,87704.46,1429.38625,0.8417196504464286,0.9355350528208818,0.16031797372611334,0.7057941780090029,0.13982545303186594,2.0,1.0,Sideways,Sideways
2025-03-24 14:00:00,87704.47,88765.43,87640.77,87961.9,4043.87489,0.8760064221941888,0.945552041032188,0.33228316580413664,0.670972312899078,0.2893647651685509,2.0,1.0,Sideways,Sideways
2025-03-24 15:00:00,87961.9,88372.0,87678.06,88350.01,1848.70464,0.9228092338502389,0.9668868917262355,0.19832615943471404,0.7092312781972502,0.0417699676160094,2.0,1.0,Sideways,Sideways
2025-03-24 16:00:00,88350.01,88499.98,87690.59,88057.54,1818.05892,0.8292223237636873,0.9640577205617333,0.23423193670382142,0.5099790085107752,0.09670380188028999,2.0,1.0,Sideways,Sideways
2025-03-24 17:00:00,88057.53,88486.55,87941.06,88461.88,1471.3501,0.8810313792669977,0.9758989348671604,0.15215714570063854,0.7139858358682211,0.07852766130729226,2.0,1.0,Sideways,Sideways
2025-03-24 18:00:00,88461.88,88536.0,88123.11,88464.38,915.48486,0.8813418930167336,0.9797397363694351,0.11091759554140107,0.5963368826613814,0.05899827079527017,2.0,1.0,Sideways,Sideways
2025-03-24 19:00:00,88464.38,88508.0,87967.82,88222.0,1445.9412,0.802451548294908,0.9654711056358911,0.15050569765127167,0.524643774135088,0.1589176661771523,2.0,1.0,Sideways,Sideways
2025-03-24 20:00:00,88222.01,88481.14,87807.62,87832.0,1094.06938,0.6874323881056605,0.9300649207942852,0.19197539311305856,0.48142238565201134,0.07303192754573283,2.0,1.0,Sideways,Sideways
2025-03-24 21:00:00,87832.0,88274.0,87797.21,88100.01,1366.12115,0.7334023805858245,0.9102022741193052,0.13079095342356487,0.6740698018251164,0.12439061331307932,2.0,0.0,Sideways,Sideways
2025-03-24 22:00:00,88100.01,88184.79,87302.88,87457.65,1519.59209,0.5704040777108712,0.8588852623587067,0.2567861763534997,0.4075422977044034,0.11016086424817152,2.0,0.0,Sideways,Sideways
2025-03-24 23:00:00,87457.66,87537.22,87050.6,87498.16,656.31296,0.57836383250839,0.8164078122054101,0.13384815386146348,0.6074620791821226,0.039133103634088985,2.0,0.0,Sideways,Sideways
2025-03-25 00:00:00,87498.16,87679.25,87262.0,87599.99,716.31289,0.5991187515490706,0.7842942188754078,0.11227358678343946,0.6254175608299404,0.10797702883674097,2.0,0.0,Sideways,Sideways
2025-03-25 01:00:00,87600.0,87600.0,86813.16,87088.31,821.47808,0.4797851175866554,0.7311094798457549,0.22721872511942562,0.4457983353192779,0.11375942939328156,2.0,0.0,Sideways,Sideways
2025-03-25 02:00:00,87088.31,87088.31,86820.29,86854.94,499.30174,0.4316136464723836,0.6754301851949446,0.06586198746019234,0.5272816167838243,0.05749529335610341,2.0,0.0,Sideways,Sideways
2025-03-25 03:00:00,86854.94,86984.16,86330.66,86520.88,930.82585,0.36750982239127256,0.6135800673537362,0.18574902965764328,0.4978027736871544,0.1886495068255452,2.0,0.0,Sideways,Sideways
2025-03-25 04:00:00,86520.89,86666.66,86310.0,86547.17,652.1185,0.37437597377497317,0.5649606104825873,0.09342966261942781,0.6032989135367292,0.06717926265864624,2.0,0.0,Sideways,Sideways
2025-03-25 05:00:00,86547.16,86772.72,86400.0,86656.07,763.58885,0.4038727011578342,0.5312410087202152,0.09842443769904492,0.6274903606027527,0.11627731477725538,2.0,0.0,Sideways,Sideways
2025-03-25 06:00:00,86656.06,86879.77,86524.0,86534.5,672.24724,0.37776841644807563,0.498476046416833,0.09315286624203946,0.5600160437044571,0.08594748559359894,2.0,0.0,Sideways,Sideways
2025-03-25 07:00:00,86534.49,86815.22,86332.87,86436.82,837.8247,0.3566133310012946,0.4679833544468345,0.132520153264333,0.5670102790960492,0.12414467933266132,2.0,0.0,Sideways,Sideways
2025-03-25 08:00:00,86436.82,86764.46,86406.49,86714.79,590.42873,0.4388692191626192,0.4577160380894434,0.09383708200636977,0.6769857743868662,0.06761097251520934,0.0,0.0,Sideways,Sideways
2025-03-25 09:00:00,86714.8,87350.0,86642.0,87221.66,856.95188,0.5663316638679317,0.4744394877896053,0.20269892018312097,0.7439975173245663,0.14555423513070403,0.0,0.0,Sideways,Sideways
2025-03-25 10:00:00,87221.65,87285.99,86947.21,87130.14,512.36018,0.5423253922726992,0.4832904581194078,0.08786885449840726,0.5688137320057283,0.05645956321902611,0.0,0.0,Sideways,Sideways
2025-03-25 11:00:00,87130.14,87500.0,87051.56,87370.43,720.34277,0.5986033259638248,0.5018582069714547,0.12197390027866312,0.665954263731565,0.140807251453863,0.0,0.0,Sideways,Sideways
2025-03-25 12:00:00,87370.44,87443.4,86929.46,87084.02,820.26612,0.5215385168477613,0.5024525020714055,0.14234486962579235,0.5117502569042098,0.11291409751294736,0.0,0.0,Sideways,Sideways
2025-03-25 13:00:00,87084.01,87992.0,87043.47,87594.4,1842.02583,0.6343245699530009,0.5273450446031196,0.2775054737261142,0.745030989527677,0.22846082073030066,0.0,0.0,Sideways,Sideways
2025-03-25 14:00:00,87594.41,88228.0,87333.34,88022.4,1612.85101,0.712706481605156,0.5670221957874468,0.2607515177149692,0.7209068791774357,0.08544715788390034,0.0,1.0,Sideways,Sideways
2025-03-25 15:00:00,88022.39,88258.8,87713.62,87774.37,1355.39717,0.6453709864869097,0.5852616121211659,0.15206073347930169,0.5229925607567465,0.08177155158188593,0.0,1.0,Sideways,Sideways
2025-03-25 16:00:00,87774.37,87979.99,87633.01,87792.4,925.68272,0.6488829456941785,0.5993151429257958,0.09041911325637267,0.6008835748184103,0.0653399904077833,0.0,1.0,Sideways,Sideways
2025-03-25 17:00:00,87792.41,88321.27,87792.41,87937.27,781.72672,0.67787227714341,0.616039723836401,0.14698509653662434,0.638015382048032,0.08220091040689752,0.0,1.0,Sideways,Sideways
2025-03-25 18:00:00,87937.27,88059.99,87588.59,87822.0,677.98013,0.6430518159930789,0.6221337037378245,0.1291146248009581,0.5618575564969673,0.08458075147913344,0.0,1.0,Sideways,Sideways
2025-03-25 19:00:00,87822.0,88250.0,87816.67,88116.23,883.99101,0.7038400208698834,0.6395578142839913,0.11727458200636995,0.6817461874244282,0.13015259806900698,0.0,1.0,Sideways,Sideways
2025-03-25 20:00:00,88116.23,88539.63,87807.32,87849.98,1448.76327,0.6231505414024463,0.6386581142909112,0.2102595043789801,0.5176553941100869,0.1651246606100315,0.0,1.0,Sideways,Sideways
2025-03-25 21:00:00,87849.99,88198.12,87702.92,87746.0,1029.18285,0.5928198000890914,0.6312300534449814,0.13651659534235575,0.5651599832536502,0.06820292647169614,0.0,1.0,Sideways,Sideways
2025-03-25 22:00:00,87746.0,87805.82,87161.32,87464.73,1483.32257,0.5144249415601956,0.610230566846877,0.18294996516719741,0.513258013801098,0.14449538350819996,0.0,1.0,Sideways,Sideways
2025-03-25 23:00:00,87464.72,87503.45,87132.65,87392.87,1208.28167,0.4951120973020256,0.5889262091439833,0.09782730394108369,0.5745695573635611,0.07907887334700346,0.0,1.0,Sideways,Sideways
2025-03-26 00:00:00,87392.88,87814.0,87199.99,87652.0,743.29052,0.5640926179048653,0.5835718132710426,0.17346735668789642,0.6714670913759222,0.05826297458119914,0.0,2.0,Sideways,Sideways
2025-03-26 01:00:00,87652.0,87892.14,87567.42,87836.04,483.00014,0.6097840002472195,0.5871572497137535,0.08349609375000035,0.649486045197573,0.0618799290526828,0.0,2.0,Sideways,Sideways
2025-03-26 02:00:00,87836.04,87836.04,87300.0,87324.6,567.91066,0.46900254792236656,0.5641999735817382,0.14921812798566678,0.4458715274016555,0.11678487668837312,0.0,0.0,Sideways,Sideways
2025-03-26 03:00:00,87324.61,87405.37,87030.56,87153.51,581.95224,0.4279810773546077,0.5371057173239873,0.09907444267515848,0.5455123006613621,0.1010150971197578,0.0,0.0,Sideways,Sideways
2025-03-26 04:00:00,87153.5,87455.64,87052.0,87326.78,593.36059,0.4762861289615234,0.5236691637323766,0.10804077925955394,0.6463358579722279,0.10048049990246449,0.0,0.0,Sideways,Sideways
2025-03-26 05:00:00,87326.79,87630.0,87215.69,87520.35,667.80685,0.5280980752531697,0.5220642014251001,0.11135922571655976,0.6522731996943537,0.11153089829165581,0.0,0.0,Sideways,Sideways
2025-03-26 06:00:00,87520.36,87923.92,87442.83,87909.07,540.14228,0.621541530630797,0.5391489954202067,0.13212828423566766,0.7094069391949478,0.07847889672652139,0.0,0.0,Sideways,Sideways
2025-03-26 07:00:00,87909.07,88275.0,87754.35,88140.45,1053.47194,0.6710364981927399,0.5631019259785601,0.14443172770700452,0.6633456979157796,0.19763757303301055,0.0,0.0,Sideways,Sideways
2025-03-26 08:00:00,88140.45,88200.0,87886.1,87959.73,525.11331,0.6163876603457292,0.5723092515203715,0.08013099621815103,0.542695869331639,0.04608086417789633,0.0,0.0,Sideways,Sideways
2025-03-26 09:00:00,87959.73,88056.61,87837.49,87939.99,393.0975,0.6103446594402895,0.57761432574536,0.050653737062100454,0.5898257150134556,0.07219131233167153,0.0,0.0,Sideways,Sideways
2025-03-26 10:00:00,87940.0,88259.81,87939.99,88208.47,556.20541,0.6730156875782864,0.5936871387536284,0.08197215863853266,0.6742044752566853,0.14174666227045743,0.0,2.0,Sideways,Sideways
2025-03-26 11:00:00,88208.47,88242.0,87923.91,87954.96,940.31797,0.5926667944230375,0.592865244929502,0.08143411624203711,0.5213852626278317,0.1705219578821046,0.0,2.0,Sideways,Sideways
2025-03-26 12:00:00,87954.97,88000.0,87586.72,87813.17,825.39906,0.5501340919905793,0.5841984349031586,0.11103888833598688,0.5540904127155134,0.08567698599220441,0.0,2.0,Sideways,Sideways
2025-03-26 13:00:00,87813.16,87920.08,86719.0,86841.31,1682.40584,0.32587570548481787,0.5294939806643986,0.356050333399682,0.3110780608196911,0.20681654657453066,0.0,2.0,Sideways,Sideways
2025-03-26 14:00:00,86841.3,87294.05,86434.36,86773.14,1940.95752,0.3134341629027729,0.48288044444946376,0.24987559713375862,0.5756498724993917,0.11447604676114465,0.0,0.0,Sideways,Sideways
2025-03-26 15:00:00,86773.14,87018.87,86546.23,86752.52,1188.33868,0.30948098253804485,0.44542796140318697,0.1295002736863055,0.5895680788835003,0.05795819569775769,0.0,0.0,Sideways,Sideways
2025-03-26 16:00:00,86752.52,87058.4,86391.3,86513.99,751.20508,0.26395576293011497,0.40508154592989787,0.18997872710986985,0.5257709322036385,0.060035851424339,0.0,0.0,Sideways,Sideways
2025-03-26 17:00:00,86513.99,86829.88,86476.88,86569.99,568.00228,0.28285198002633355,0.3771171031239881,0.09229137639331209,0.611999988289267,0.07297690208451132,0.0,0.0,Sideways,Sideways
2025-03-26 18:00:00,86570.0,86750.01,86181.39,86198.53,562.82437,0.21392447994548464,0.33857866782257373,0.15935074144108133,0.48685031048081323,0.09748260409348698,0.0,0.0,Sideways,Sideways
2025-03-26 19:00:00,86198.52,86800.77,85860.0,86567.19,1124.92816,0.3339920816481667,0.3278515569193916,0.27509205812102033,0.7035398618719019,0.20268559573252692,0.0,0.0,Sideways,Sideways
2025-03-26 20:00:00,86567.18,87404.34,86520.1,87280.0,896.05809,0.5172995931217363,0.3556162342987489,0.2575108230493601,0.8042960824669854,0.07719671911976653,0.0,0.0,Sideways,Sideways
2025-03-26 21:00:00,87280.0,87302.0,86728.91,87109.65,541.36601,0.4792427583347721,0.3706740738034414,0.16074094347133647,0.545731876908482,0.057114810182040184,0.0,0.0,Sideways,Sideways
2025-03-26 22:00:00,87109.64,87147.92,86753.52,86829.48,347.87603,0.4195150036060383,0.37031403898374127,0.10516707304936122,0.5135829866468355,0.06112584567596868,0.0,0.0,Sideways,Sideways
2025-03-26 23:00:00,86829.48,86952.2,86562.0,86909.17,333.75432,0.43983468998361913,0.37521547618732903,0.10386084295382073,0.6189356700149613,0.09419676224443876,0.0,0.0,Sideways,Sideways
2025-03-27 00:00:00,86909.17,87308.0,86796.26,87285.29,439.26833,0.5307798203877865,0.398464338808856,0.14166065386146656,0.7057209859266252,0.13143475911518215,0.0,0.0,Sideways,Sideways
2025-03-27 01:00:00,87285.3,87519.38,87178.79,87378.87,484.20578,0.5521443097459782,0.42221114993003006,0.08843177746815628,0.6229992944283239,0.109112841486256,0.0,0.0,Sideways,Sideways
2025-03-27 02:00:00,87378.88,87756.39,87338.79,87575.39,474.68254,0.5965850393717167,0.4510367916401184,0.11238243929140307,0.6531368662663535,0.09638115887152962,0.0,2.0,Sideways,Sideways
2025-03-27 03:00:00,87575.38,87675.0,87434.78,87670.18,493.00757,0.6177731439678935,0.478612051773243,0.05721598825636977,0.6233593994735993,0.10246394412400654,0.0,2.0,Sideways,Sideways
2025-03-27 04:00:00,87670.17,87691.34,87411.42,87521.61,389.92917,0.5743717495280896,0.49316911623617576,0.06956297273089115,0.552111298808141,0.07660927017112834,0.0,2.0,Sideways,Sideways
2025-03-27 05:00:00,87521.6,87521.6,87262.55,87314.72,498.02432,0.5161799829028448,0.49455117668783954,0.06307225318471427,0.5350370498320961,0.12737153345585547,0.0,2.0,Sideways,Sideways
2025-03-27 06:00:00,87314.71,87547.6,87280.0,87352.68,421.13139,0.5265346538824127,0.4973912779981394,0.06573136445063874,0.6067213753085009,0.08231754960417886,0.0,2.0,Sideways,Sideways
2025-03-27 07:00:00,87352.68,87439.3,87249.68,87399.99,466.03302,0.5400353738320198,0.5017918061871351,0.04147902567675466,0.6094558315059748,0.10956386271374155,0.0,2.0,Sideways,Sideways
2025-03-27 08:00:00,87399.99,87597.6,87255.63,87434.82,539.0982,0.5504290623279682,0.5067634962188142,0.08886096735668823,0.6058020827538967,0.11479978551063472,0.0,2.0,Sideways,Sideways
2025-03-27 09:00:00,87434.82,87537.74,87385.85,87415.56,453.07467,0.5436758015359311,0.5095201376283307,0.029744725318471152,0.5899662438116069,0.08177752600134261,0.0,1.0,Sideways,Sideways
2025-03-27 10:00:00,87415.57,87597.6,87108.99,87195.59,529.03139,0.46826758137200447,0.5008403635225186,0.13446705812101925,0.5312017847157336,0.11593404631908569,0.0,2.0,Sideways,Sideways
2025-03-27 11:00:00,87195.59,87316.29,86787.0,86943.52,674.57069,0.3912399093400701,0.4817528746046788,0.14711882961783238,0.5218068490223026,0.12715105420878017,0.0,2.0,Sideways,Sideways
2025-03-27 12:00:00,86943.51,87110.1,86724.85,86761.05,665.70609,0.3406583137395684,0.45808181910745244,0.1023213574840764,0.5421864524383235,0.09706244414765766,0.0,2.0,Sideways,Sideways
2025-03-27 13:00:00,86761.04,86861.71,85800.0,86383.83,2610.92782,0.2497953372935689,0.4217069756458015,0.31270526472930127,0.48516982026952504,0.4034518001304676,0.0,0.0,Sideways,Sideways
2025-03-27 14:00:00,86383.82,87321.56,86189.19,87297.33,2709.46975,0.5338116352887865,0.4379762985510301,0.33468103105095387,0.8630517585129699,0.10237389117152028,0.0,0.0,Sideways,Sideways
2025-03-27 15:00:00,87297.34,87575.0,86752.58,86974.07,1554.66361,0.45550871057428527,0.43572251676714047,0.23828436007165543,0.5009617439623884,0.053944104795242726,0.0,0.0,Sideways,Sideways
2025-03-27 16:00:00,86974.07,87271.43,86805.2,86835.24,671.69986,0.42384481923160716,0.42786726082376186,0.12750671775477576,0.5549599346541085,0.039149183370927064,0.0,0.0,Sideways,Sideways
2025-03-27 17:00:00,86835.24,87150.95,86796.0,86913.05,596.49192,0.4455660268125294,0.42614992424495235,0.09289784036624112,0.6183852655555128,0.08674653968162557,0.0,0.0,Sideways,Sideways
2025-03-27 18:00:00,86913.04,87420.0,86876.0,87206.52,473.09632,0.5242389101172995,0.43965087651471396,0.15169374502388533,0.6815266111773126,0.07684016064342813,0.0,0.0,Sideways,Sideways
2025-03-27 19:00:00,87206.52,87429.21,87022.99,87060.41,473.80058,0.48571713612930073,0.4437435785021131,0.10884317774681562,0.5528285812153985,0.09858956807663635,0.0,0.0,Sideways,Sideways
2025-03-27 20:00:00,87060.4,87346.07,86943.04,87307.57,454.46299,0.5506213448058725,0.4593649905857554,0.10785106488853918,0.6679685098384837,0.09417383020995775,0.0,0.0,Sideways,Sideways
2025-03-27 21:00:00,87307.57,87728.27,87239.13,87568.68,488.70362,0.6135539631551616,0.48451291229733817,0.1346318919187896,0.6720497003516109,0.10629886788346878,0.0,2.0,Sideways,Sideways
2025-03-27 22:00:00,87568.67,87600.0,87309.97,87350.71,263.44675,0.5505243232243568,0.49375750027729093,0.07270725517515886,0.5317931767413153,0.050320247971996676,0.0,2.0,Sideways,Sideways
2025-03-27 23:00:00,87350.7,87361.07,87128.01,87232.01,273.51259,0.5172871676227837,0.4952193700749456,0.054989176950640734,0.5608562888101012,0.10242254930620084,0.0,2.0,Sideways,Sideways
2025-03-28 00:00:00,87232.01,87402.08,86929.58,87354.01,438.18173,0.5503217670671998,0.5021631629024432,0.129456732683121,0.6313226980358175,0.1612795421216016,0.0,2.0,Sideways,Sideways
2025-03-28 01:00:00,87354.01,87515.67,87116.0,87230.29,516.42696,0.5133451059506544,0.5014847768944956,0.10680608081210134,0.5593836641127508,0.11707400880938627,0.0,2.0,Sideways,Sideways
2025-03-28 02:00:00,87230.3,87327.98,86950.75,86987.77,388.73132,0.4445481999447051,0.4891189264032461,0.09982708001592228,0.5245998588856656,0.07262313813459575,0.0,2.0,Sideways,Sideways
2025-03-28 03:00:00,86987.78,87018.36,86750.0,86787.16,568.38044,0.39196781926056395,0.46975624122851906,0.06596772989649698,0.5368697795747263,0.1466749127373237,0.0,1.0,Sideways,Sideways
2025-03-28 04:00:00,86787.17,86832.64,85952.54,86305.38,1475.68093,0.28380051053849803,0.4315864944026824,0.25622325338375973,0.4545521083711268,0.26506309467125205,0.0,2.0,Sideways,Sideways
2025-03-28 05:00:00,86305.38,86305.38,85827.97,86059.02,1025.35492,0.23683823832033352,0.39045863336511943,0.1309837778662431,0.5234785561837062,0.06657952288641703,0.0,0.0,Sideways,Sideways
2025-03-28 06:00:00,86059.02,86250.0,85648.25,85719.27,1011.00124,0.17880885652514195,0.3429826244826951,0.16965440883757957,0.4961369218923375,0.09697291889359641,0.0,0.0,Sideways,Sideways
2025-03-28 07:00:00,85719.27,85888.6,85162.48,85212.99,2159.05919,0.1066583318851358,0.28305115152559707,0.20833437002388838,0.4473822119818371,0.21697023367485999,0.0,0.0,Sideways,Sideways
2025-03-28 08:00:00,85212.98,85441.25,85050.01,85213.87,1389.5787,0.10698145498573008,0.23847744547495825,0.10418429040605257,0.5958655256508972,0.061231739621624405,0.0,0.0,Sideways,Sideways
2025-03-28 09:00:00,85213.87,85417.47,85005.0,85148.0,1298.56622,0.09779318015704014,0.20322833950606467,0.11078697253184747,0.5763203119739334,0.09159732701178654,0.0,0.0,Sideways,Sideways
2025-03-28 10:00:00,85148.0,85250.79,84896.0,84941.49,988.61456,0.06937432844479097,0.16891094713332477,0.09284807921974321,0.5351453741140115,0.07351875848546742,0.0,0.0,Sideways,Sideways
2025-03-28 11:00:00,84941.49,85255.26,84800.0,85255.26,1274.00029,0.1921399658278517,0.1607800323328914,0.12409496914808751,0.6874668805827233,0.12856726369660032,1.0,0.0,Sideways,Sideways
2025-03-28 12:00:00,85255.25,85609.74,84888.0,85028.27,1145.41519,0.15510539375931143,0.14720616673244413,0.2069721586385366,0.5291524064092856,0.08789857381511579,1.0,0.0,Sideways,Sideways
2025-03-28 13:00:00,85028.27,85575.68,84904.96,84994.0,1317.0906,0.1495646788546111,0.13880720019538584,0.19110457304935885,0.5855717911859156,0.11407946439707964,1.0,0.0,Sideways,Sideways
2025-03-28 14:00:00,84994.0,85120.19,84148.8,84172.01,3331.05298,0.0397203293978276,0.09660853418900867,0.2846150975318469,0.3549523226775405,0.25804930688616345,1.0,0.0,Sideways,Sideways
2025-03-28 15:00:00,84172.01,84530.45,83953.86,84051.16,2589.07955,0.026683615683126327,0.062188194306696976,0.1618294685509543,0.5602239092183992,0.07518298980541865,1.0,0.0,Sideways,Sideways
2025-03-28 16:00:00,84051.15,84217.61,83671.9,83794.73,1152.23131,0.0,0.027722429757862266,0.152225567277072,0.5205333067890054,0.040504135139511656,1.0,0.0,Sideways,Sideways
2025-03-28 17:00:00,83794.72,84010.41,83585.0,84008.45,1114.8659,0.08258583660691121,0.016264166903096178,0.11481140525477812,0.6581783369002265,0.09504910249934634,1.0,0.0,Sideways,Sideways
2025-03-28 18:00:00,84008.46,84169.52,83720.0,83880.0,755.86923,0.06645803027492353,0.006477650173323635,0.12230978801751716,0.5579959422309515,0.06482126672585556,1.0,0.0,Sideways,Sideways
2025-03-28 19:00:00,83879.99,83893.48,83636.36,83790.73,834.89668,0.05516836191582747,0.0,0.062472009355094074,0.5694724607470837,0.10934781918815846,1.0,0.0,Sideways,Sideways
2025-03-28 20:00:00,83790.74,84160.38,83714.28,83794.41,1271.03433,0.05675973401187889,0.0006666187996033912,0.12124614351114829,0.5966794216068879,0.15296338691688594,1.0,0.0,Sideways,Sideways
2025-03-28 21:00:00,83794.41,84110.36,83697.83,84052.29,295.77685,0.16653400728436935,0.019169542961551267,0.11080563296178306,0.6711040586473491,0.01834010963407985,1.0,0.0,Sideways,Sideways
2025-03-28 22:00:00,84052.29,84480.36,84052.29,84480.35,382.78331,0.32247895502031393,0.059634647302906074,0.11563868431528876,0.7209273729605065,0.12914034976569716,1.0,0.0,Sideways,Sideways
2025-03-28 23:00:00,84480.35,84538.69,84200.01,84424.38,459.05926,0.3103998258330421,0.09352643473471067,0.08783775378184946,0.5792187184359143,0.1192346404584818,1.0,0.0,Sideways,Sideways
2025-03-29 00:00:00,84424.38,84624.73,84353.49,84396.89,414.88307,0.3041868298873361,0.12325403137996299,0.06686343053343657,0.5875567604598791,0.08838899553465424,1.0,2.0,Sideways,Sideways
2025-03-29 01:00:00,84396.89,84502.42,84216.0,84281.9,283.36385,0.27760748297744525,0.14516484009030778,0.07158451930732428,0.561939531629225,0.065343790541899,1.0,2.0,Sideways,Sideways
2025-03-29 02:00:00,84281.91,84423.53,83817.23,83851.4,407.56827,0.1894908503910671,0.14550142940295285,0.17106949144108366,0.469565268307533,0.1441883772895964,1.0,2.0,Sideways,Sideways
2025-03-29 03:00:00,83851.39,84254.72,83709.67,84166.3,420.1986,0.30664699318711813,0.16484228495937842,0.15202030254777157,0.6878006364783495,0.10166901759861197,1.0,2.0,Sideways,Sideways
2025-03-29 04:00:00,84166.3,84258.45,83968.81,84072.96,287.24956,0.2864399676446758,0.1791844208839895,0.07258596238057305,0.5682779659627553,0.06540719175896004,1.0,1.0,Sideways,Sideways
2025-03-29 05:00:00,84072.97,84093.99,83858.22,84012.64,235.85366,0.27310503555078064,0.191037535543153,0.055832006369428006,0.5779422485193239,0.07975716423427533,1.0,1.0,Sideways,Sideways
2025-03-29 06:00:00,84012.65,84012.65,83672.74,83787.28,335.98213,0.2247280631793212,0.1928543863994982,0.08822029259553794,0.5296237634197698,0.1427494391595175,1.0,1.0,Sideways,Sideways
2025-03-29 07:00:00,83787.28,83892.0,83662.86,83731.82,244.43629,0.21315815847407144,0.19497259965095604,0.05377002886146477,0.5793680302839586,0.06999213591175941,1.0,1.0,Sideways,Sideways
2025-03-29 08:00:00,83731.83,83944.36,83666.65,83934.95,340.17747,0.29807224861977394,0.20976082040071187,0.06887564689490644,0.6550720649243036,0.1393198787695163,1.0,2.0,Sideways,Sideways
2025-03-29 09:00:00,83934.94,83947.42,83266.65,83544.8,720.14163,0.212594239877492,0.2057248315442089,0.1942301950636955,0.4813843257691759,0.21502797260166698,1.0,2.0,Sideways,Sideways
2025-03-29 10:00:00,83544.8,83559.23,82820.85,82927.81,735.21277,0.10987776773136304,0.17605810108467418,0.21214731787420069,0.4149698302236443,0.10061875139341404,1.0,2.0,Sideways,Sideways
2025-03-29 11:00:00,82927.8,83108.08,82007.0,82293.56,1843.3693,0.03303714280973763,0.12581685624188843,0.32494961683917245,0.40991957653988675,0.25576956674647067,1.0,2.0,Sideways,Sideways
2025-03-29 12:00:00,82293.56,82527.7,82145.22,82462.7,634.07629,0.09451356335998151,0.09873328003210802,0.10145986763534903,0.6451237970881263,0.029955157973054272,1.0,0.0,Sideways,Sideways
2025-03-29 13:00:00,82462.69,82863.49,82454.44,82851.95,578.26067,0.22471645598001005,0.10070601474209717,0.10972332802547857,0.7095679617761657,0.08924550995685872,1.0,0.0,Sideways,Sideways
2025-03-29 14:00:00,82851.95,82882.01,82459.0,82504.01,452.6138,0.17338922776039184,0.0899057351018373,0.11406498805732318,0.4937391492737876,0.07575296082734666,1.0,0.0,Sideways,Sideways
2025-03-29 15:00:00,82504.02,82617.01,82383.2,82414.23,295.79723,0.160738880933129,0.08165850866764707,0.05522243232484003,0.5693172935324526,0.06226800955779782,1.0,0.0,Sideways,Sideways
2025-03-29 16:00:00,82414.22,82683.78,82173.19,82198.43,538.75064,0.13070900433946003,0.06943428380228178,0.141302995621018,0.5324284840163108,0.1841709734183129,1.0,0.0,Sideways,Sideways
2025-03-29 17:00:00,82198.44,82625.05,81644.81,82332.63,1231.20197,0.17772290065897628,0.07109536144397632,0.2873675109474538,0.6348915439723402,0.23259935386352265,1.0,0.0,Sideways,Sideways
2025-03-29 18:00:00,82332.62,82673.0,82214.88,82343.64,368.88573,0.1817031223054863,0.0776814087282181,0.12498444964171826,0.5988312688286646,0.025324375912320368,1.0,0.0,Sideways,Sideways
2025-03-29 19:00:00,82343.64,82758.41,82209.59,82758.4,370.86895,0.323160807560862,0.10750237540374374,0.15319279956210405,0.717033554178242,0.09899537817270065,1.0,0.0,Sideways,Sideways
2025-03-29 20:00:00,82758.4,82787.29,82422.22,82511.17,376.35969,0.27528845442134015,0.1232949444004221,0.09604523288216323,0.5232238477370486,0.09997960644406943,1.0,0.0,Sideways,Sideways
2025-03-29 21:00:00,82511.16,82685.45,82353.51,82518.74,212.79105,0.27783853833447464,0.14019207774032888,0.0857415654856695,0.5978241457752074,0.05306767712181565,1.0,0.0,Sideways,Sideways
2025-03-29 22:00:00,82518.74,82522.0,82258.86,82389.75,188.29229,0.25203393518998124,0.15118302790829585,0.06434427249203802,0.5578407750163205,0.0864162644851059,1.0,2.0,Sideways,Sideways
2025-03-29 23:00:00,82389.75,82679.52,82342.0,82648.54,180.06373,0.3428403034115444,0.17610336984481678,0.08747698546974647,0.671370477827189,0.0938724477512975,1.0,2.0,Sideways,Sideways
2025-03-30 00:00:00,82648.53,82888.93,82500.0,82799.73,310.37514,0.3926612380053363,0.20646923763277236,0.10346586385350098,0.6398715332570177,0.17397723451207125,1.0,1.0,Sideways,Sideways
2025-03-30 01:00:00,82799.73,83075.48,82762.71,82941.13,445.84784,0.43809907243938667,0.24028384248842619,0.07977955812101584,0.6370024036279879,0.14399622323937555,1.0,1.0,Sideways,Sideways
2025-03-30 02:00:00,82941.14,83372.81,82925.67,83330.0,417.67201,0.5505069320975755,0.28833740831723353,0.12156959096337558,0.7094508544443701,0.09183745323592075,1.0,1.0,Sideways,Sideways
2025-03-30 03:00:00,83330.0,83503.53,83048.88,83088.81,431.74613,0.482744990089844,0.31664496694576305,0.12390525477706824,0.5249921684471855,0.10195159850178744,1.0,1.0,Sideways,Sideways
2025-03-30 04:00:00,83088.82,83314.42,83078.94,83109.81,213.20024,0.4888882035529207,0.341790886843627,0.05574181429139999,0.6017501690737077,0.04559542817035768,1.0,1.0,Sideways,Sideways
2025-03-30 05:00:00,83109.81,83230.0,82924.23,82958.3,272.84116,0.4456355431242692,0.35586219784982,0.0776025079617847,0.5512476322361369,0.12763499486657565,1.0,1.0,Sideways,Sideways
2025-03-30 06:00:00,82958.3,83306.26,82868.96,83178.14,402.67107,0.5138050961415772,0.37898691572113297,0.118509280453818,0.6599671513934301,0.14810521434073923,1.0,1.0,Sideways,Sideways
2025-03-30 07:00:00,83178.14,83321.16,83068.66,83076.59,349.72683,0.4829377197841424,0.3934576900257999,0.061035156249999986,0.5658743379776142,0.0847093591547369,1.0,1.0,Sideways,Sideways
2025-03-30 08:00:00,83076.58,83406.14,83076.58,83378.09,354.71899,0.5727743731361346,0.4204010558633109,0.08500136843152792,0.6838775408631383,0.09992421841129918,1.0,1.0,Sideways,Sideways
2025-03-30 09:00:00,83378.1,83517.78,83255.83,83502.32,224.07536,0.6069434495718364,0.44826904837145093,0.06397417396496723,0.6319726437272927,0.059988976482242766,1.0,1.0,Sideways,Sideways
2025-03-30 10:00:00,83502.32,83534.64,83061.51,83120.87,292.38935,0.48674486650138266,0.45218183954402297,0.12965266719745364,0.4839284825524681,0.13025811485701133,0.0,1.0,Sideways,Sideways
2025-03-30 11:00:00,83120.86,83360.31,82975.36,83111.76,334.93595,0.4840541015143927,0.45521986695658767,0.10222805533439397,0.5929407700392587,0.11362361487992642,0.0,1.0,Sideways,Sideways
2025-03-30 12:00:00,83111.76,83268.05,82986.75,83072.76,356.53689,0.4718716772032981,0.45609791245073067,0.06999216261942764,0.584186996987414,0.10516625799721972,0.0,1.0,Sideways,Sideways
2025-03-30 13:00:00,83072.76,83155.17,82543.83,82678.42,1050.99285,0.3592749233565596,0.4381545170724419,0.17263696755573135,0.48015469878530537,0.3017534689989938,0.0,1.0,Sideways,Sideways
2025-03-30 14:00:00,82678.42,83043.59,82608.23,82803.28,466.76708,0.4039958863762831,0.4306828519017934,0.11790592655254792,0.6321600154581681,0.04040862447129631,0.0,1.0,Sideways,Sideways
2025-03-30 15:00:00,82803.28,83067.9,82714.87,82729.57,280.14108,0.38322878471729377,0.42193421543166526,0.09230070660827987,0.5740250082707079,0.05669823106699146,0.0,2.0,Sideways,Sideways
2025-03-30 16:00:00,82729.57,82816.0,82173.91,82284.01,603.14499,0.2719891684000984,0.3943702624735383,0.18220043789808804,0.46515910494865964,0.21879061727267826,0.0,2.0,Sideways,Sideways
2025-03-30 17:00:00,82284.01,82577.99,82050.4,82415.53,398.11075,0.32221046170526796,0.3801809467120296,0.14659011743630915,0.6341098525325939,0.0629493250834434,0.0,0.0,Sideways,Sideways
2025-03-30 18:00:00,82415.54,82799.99,82415.53,82729.65,321.94593,0.432204707159977,0.38542911905866156,0.10207566182325037,0.6875664218147541,0.07846368199118645,0.0,0.0,Sideways,Sideways
2025-03-30 19:00:00,82729.65,82908.11,82547.69,82548.81,258.33176,0.384128052447222,0.38200069962326416,0.09459904956210134,0.5426607371321012,0.07780845111820923,0.0,0.0,Sideways,Sideways
2025-03-30 20:00:00,82548.8,82650.95,82393.74,82554.73,201.03005,0.38624243501460803,0.3808109485512781,0.062499999999997446,0.597341078031541,0.07528006664855999,0.0,0.0,Sideways,Sideways
2025-03-30 21:00:00,82554.73,82703.94,82069.4,82237.68,258.82166,0.30477389408334815,0.36582903996026855,0.17985233379777318,0.502782762971832,0.12844253158295427,0.0,0.0,Sideways,Sideways
2025-03-30 22:00:00,82237.67,82757.7,81565.0,82438.0,997.38999,0.37885873167543244,0.36513727062669077,0.35344409335190985,0.6542552412850194,0.3963053069299931,0.0,0.0,Sideways,Sideways
2025-03-30 23:00:00,82437.99,82442.94,81902.2,82389.99,621.08198,0.3659355122828252,0.36368562009491057,0.15067986166401434,0.5815520820219754,0.05905045216446094,0.0,0.0,Sideways,Sideways
2025-03-31 00:00:00,82390.0,82444.89,81278.52,81646.89,1156.9047,0.2031044333882635,0.3281679579929174,0.3452552746815271,0.3780458885079646,0.1884897411190136,0.0,0.0,Sideways,Sideways
2025-03-31 01:00:00,81646.9,82272.72,81534.78,81953.03,778.60883,0.30951238183485114,0.3169141772953579,0.21201047472133824,0.6852301305453997,0.0643013434463595,0.0,0.0,Sideways,Sideways
2025-03-31 02:00:00,81954.79,82179.25,81630.01,81922.3,652.55837,0.3030569076658108,0.3085694925152521,0.15332342257165765,0.5860929188124174,0.08153508311152922,1.0,0.0,Sideways,Sideways
2025-03-31 03:00:00,81922.3,82030.0,81468.0,81530.0,549.38711,0.2257340027230052,0.28517982751925675,0.15729187400477704,0.4807519461774696,0.08193061543532122,1.0,0.0,Sideways,Sideways
2025-03-31 04:00:00,81530.0,81879.16,81400.0,81846.01,489.0478,0.3318508319219355,0.2843934370142537,0.131528040406052,0.6881226816407895,0.086969543813926,1.0,0.0,Sideways,Sideways
2025-03-31 05:00:00,81846.0,82305.57,81830.0,82166.99,520.56741,0.4271508004122608,0.3015645650696472,0.1304115246815308,0.6895806679216687,0.10516189799069219,1.0,0.0,Sideways,Sideways
2025-03-31 06:00:00,82166.99,82267.66,81919.38,82052.83,641.58631,0.40058476111334235,0.31164564257694505,0.09082342257165567,0.562182529342705,0.12270109377106028,1.0,0.0,Sideways,Sideways
2025-03-31 07:00:00,82052.82,82303.58,81730.74,81933.51,776.64817,0.37279746925220975,0.3158083608573279,0.16066319167993517,0.5606747724458125,0.1204085259049481,1.0,0.0,Sideways,Sideways
2025-03-31 08:00:00,81933.51,82263.74,81875.05,81899.15,762.80757,0.3645982533430889,0.3193798498355972,0.10339122213375866,0.5855454420362622,0.09657393868600658,1.0,0.0,Sideways,Sideways
2025-03-31 09:00:00,81899.15,81960.56,81339.65,81455.58,965.89557,0.2674311207385465,0.3027329993500003,0.1756133061305743,0.4657417139243568,0.12622539879327638,1.0,0.0,Sideways,Sideways
2025-03-31 10:00:00,81455.59,82215.91,81290.88,82174.16,713.59513,0.47729194570233985,0.3264239355779496,0.2701968053343945,0.8059795003615713,0.07116788023772758,1.0,0.0,Sideways,Sideways
2025-03-31 11:00:00,82174.16,82272.0,81884.49,82205.51,980.63412,0.4851706568626259,0.34834003217868126,0.10302423367834229,0.6047832489672573,0.13749677858716639,1.0,2.0,Sideways,Sideways
2025-03-31 12:00:00,82205.5,83169.82,81885.56,82768.74,1527.48947,0.6137918990433757,0.39424010074599686,0.3819199094347162,0.7605037957413937,0.1566450114085658,1.0,1.0,Sideways,Sideways
2025-03-31 13:00:00,82768.74,82866.02,81656.0,82507.99,2027.95258,0.5479425702157592,0.41871124008672017,0.3588307374601923,0.5192656199222995,0.13263465788797651,1.0,1.0,Sideways,Sideways
2025-03-31 14:00:00,82507.99,83746.23,82507.49,83499.18,2160.57547,0.7247310427128162,0.48642891141603056,0.3677628632563664,0.8857940023479988,0.10526069338628079,0.0,1.0,Sideways,Sideways
2025-03-31 15:00:00,83499.18,83943.08,83390.3,83418.78,1241.90923,0.704620348005651,0.5356317138038766,0.1544243879378977,0.5720663881463978,0.054050155611844196,0.0,1.0,Sideways,Sideways
2025-03-31 16:00:00,83418.78,83694.29,83246.86,83288.89,658.28656,0.6713825743961548,0.5673835796284252,0.12165978304139907,0.5575772835197783,0.04937947603538779,0.0,1.0,Sideways,Sideways
2025-03-31 17:00:00,83288.88,83545.55,82575.45,82680.34,667.39263,0.5314505214970491,0.5620409115605793,0.2842138982882183,0.4174437226078609,0.09987813580754076,0.0,1.0,Sideways,Sideways
2025-03-31 18:00:00,82680.35,83566.0,82676.0,83291.42,810.73087,0.638007209455492,0.5864543199442861,0.25930222432324834,0.7745069049410491,0.12085332162898424,0.0,1.0,Sideways,Sideways
2025-03-31 19:00:00,83291.42,83443.38,82400.0,82462.27,798.20925,0.48167948055913473,0.5645170175806954,0.30700450338375934,0.35285610143837254,0.09682196649801399,0.0,1.0,Sideways,Sideways
2025-03-31 20:00:00,82462.26,82846.2,82350.84,82431.32,701.19812,0.47643227291891194,0.5449697686092813,0.13656635648885365,0.5865467097231327,0.08574763964479451,0.0,1.0,Sideways,Sideways
2025-03-31 21:00:00,82431.32,82752.18,82422.0,82563.99,342.52865,0.5014418967319489,0.5354005159068483,0.08519419287420163,0.6344465361115093,0.045040232781557,0.0,2.0,Sideways,Sideways
2025-03-31 22:00:00,82563.99,82571.98,82265.1,82409.99,260.87647,0.4723607856020707,0.5199469921112505,0.07794772591560199,0.5505186390956973,0.07355080669726935,0.0,2.0,Sideways,Sideways
2025-03-31 23:00:00,82410.0,82886.8,82283.9,82550.01,383.74846,0.5010833448285834,0.5142243332127359,0.17001206707802816,0.6365954556499883,0.14759921103689294,0.0,2.0,Sideways,Sideways
2025-04-01 00:00:00,82550.0,82837.38,82432.74,82651.1,526.95922,0.5221498100820574,0.5143152643020716,0.10835178642515902,0.6252038399494115,0.13738955014953594,0.0,2.0,Sideways,Sideways
2025-04-01 01:00:00,82651.09,82741.8,82460.0,82704.2,440.09093,0.5336106253846955,0.5166479618809272,0.07014766620223019,0.6111538878170318,0.08122648697456422,0.0,2.0,Sideways,Sideways
2025-04-01 02:00:00,82704.2,83120.0,82649.34,83100.0,522.78246,0.6152731222235679,0.5372206322525299,0.1288844794984087,0.7114826666510534,0.11804776241794754,0.0,0.0,Sideways,Sideways
2025-04-01 03:00:00,83100.0,83256.8,82926.08,82962.84,526.15363,0.5808949779011987,0.5461731303568923,0.08536213674363091,0.5554488577643616,0.09910730705224446,0.0,0.0,Sideways,Sideways
2025-04-01 04:00:00,82962.84,83235.96,82886.87,83060.0,425.37874,0.6014481609101512,0.5572082679293214,0.09107533837579959,0.6240503327312077,0.0784411719162485,0.0,0.0,Sideways,Sideways
2025-04-01 05:00:00,83059.99,83329.99,82994.07,83006.67,348.44364,0.5868086530887304,0.5624992211680142,0.08697937400477651,0.5799945545090696,0.07955482626274334,0.0,0.0,Sideways,Sideways
2025-04-01 06:00:00,83006.67,83494.25,82891.71,83454.76,425.66016,0.6809701371714529,0.5873862561702846,0.16990010449840562,0.7267915226002504,0.1215663301830335,0.0,1.0,Sideways,Sideways
2025-04-01 07:00:00,83454.76,83597.07,83380.58,83445.5,622.58551,0.6781749319404748,0.6053090781087102,0.04983578821656212,0.5928939271065431,0.14672637623641605,0.0,1.0,Sideways,Sideways
2025-04-01 08:00:00,83445.5,84207.55,83410.0,84121.94,1217.29279,0.7972974337578498,0.6506061850835008,0.23054961186305817,0.7936451706400218,0.19814506882929445,0.0,1.0,Sideways,Sideways
2025-04-01 09:00:00,84121.94,84395.46,84116.27,84362.0,1018.97186,0.8323895734138924,0.695810786804858,0.06933593750000071,0.6658869270157827,0.08142779972292936,0.0,1.0,Sideways,Sideways
2025-04-01 10:00:00,84362.01,84504.74,84150.0,84175.99,914.76118,0.7734443778324565,0.7199010751433415,0.09283252886146658,0.5411441971853285,0.0877586745449398,0.0,1.0,Sideways,Sideways
2025-04-01 11:00:00,84175.99,84203.0,83823.67,83930.3,854.54351,0.6991197036195234,0.7242990861380039,0.1004801950636948,0.5236747109644662,0.09156263077237267,0.0,1.0,Sideways,Sideways
2025-04-01 12:00:00,83930.31,84154.22,83615.25,83615.26,734.99256,0.6114054707947931,0.709877494430832,0.15012937898089204,0.5033682996308184,0.0838306703173727,2.0,1.0,Sideways,Sideways
2025-04-01 13:00:00,83615.26,83912.62,83416.66,83618.23,1152.68104,0.6120380609637608,0.6961962498749742,0.136752960788214,0.5964744837762436,0.15775510188184907,2.0,1.0,Sideways,Sideways
2025-04-01 14:00:00,83622.96,84350.0,82544.0,84195.92,2522.86047,0.7243175295549744,0.710939126675591,0.5441847880175159,0.7633495039040636,0.22251556612427498,2.0,1.0,Sideways,Sideways
2025-04-01 15:00:00,84195.92,85499.55,84182.89,85280.87,2484.93075,0.8716331372812638,0.7722217635448332,0.3919965416003195,0.9132439609212829,0.09686481067542262,2.0,1.0,Sideways,Sideways
2025-04-01 16:00:00,85280.88,85493.0,84815.0,85119.99,1208.48492,0.8277543200835094,0.8092487054789868,0.1933687052149681,0.5485014653054895,0.04481422337543354,2.0,1.0,Sideways,Sideways
2025-04-01 17:00:00,85120.0,85333.33,84901.32,85117.85,775.2624,0.8271488087942489,0.8344975222677853,0.11686405254776905,0.5949755099292398,0.06101380341769683,2.0,1.0,Sideways,Sideways
2025-04-01 18:00:00,85117.86,85183.46,84720.0,85126.68,742.89553,0.8283518703319364,0.850759226830535,0.12664522790605293,0.5981871785037761,0.0940761473806736,2.0,1.0,Sideways,Sideways
2025-04-01 19:00:00,85126.68,85184.89,84816.83,84972.01,897.45326,0.7797906882622734,0.8519175226022968,0.0969751443073241,0.5503224843149375,0.12015125363372195,2.0,1.0,Sideways,Sideways
2025-04-01 20:00:00,84972.0,85350.0,84773.58,85231.28,528.39638,0.8196221347908867,0.8611717645049752,0.16177659733280197,0.6715139343086421,0.055508238519425525,2.0,1.0,Sideways,Sideways
2025-04-01 21:00:00,85231.28,85476.86,85120.0,85223.84,325.84141,0.8171261301125867,0.8638142906094766,0.09349186405254793,0.5934267654662184,0.05841930782281395,2.0,1.0,Sideways,Sideways
2025-04-01 22:00:00,85223.84,85483.38,85082.0,85099.99,477.11302,0.7741337278470357,0.8556383229301311,0.10733790306528805,0.5593456042299195,0.14689485817121853,2.0,1.0,Sideways,Sideways
2025-04-01 23:00:00,85100.0,85579.46,84969.56,85158.34,495.8616,0.7847968490399648,0.8478573122093875,0.17218911723726382,0.6126850661802801,0.1025360822261175,2.0,1.0,Sideways,Sideways
2025-04-02 00:00:00,85158.35,85255.95,84923.28,84964.49,472.95093,0.7149538236143176,0.8283242263444093,0.08596860071655994,0.5388488934820986,0.0936111963157311,2.0,2.0,Sideways,Sideways
2025-04-02 01:00:00,84964.49,85213.12,84854.9,85147.3,597.76896,0.7526487265147723,0.8179525437946809,0.09391483379777105,0.6491259401522976,0.12598278199969895,2.0,2.0,Sideways,Sideways
2025-04-02 02:00:00,85147.31,85174.89,84648.9,84714.36,850.77436,0.6090300028223528,0.7852119352647512,0.1460925059713392,0.4688509135835731,0.14261510090965251,2.0,2.0,Sideways,Sideways
2025-04-02 03:00:00,84714.36,84904.0,84504.21,84550.0,475.50966,0.5606212320614716,0.7482582499650937,0.10684340167197251,0.5474855592021477,0.05239138468249369,2.0,0.0,Sideways,Sideways
2025-04-02 04:00:00,84550.0,84726.42,84460.11,84607.0,444.66226,0.5753793529709887,0.7190892602516656,0.06533016520700563,0.6122927566187603,0.09166248072701919,2.0,0.0,Sideways,Sideways
2025-04-02 05:00:00,84607.0,84607.0,84100.0,84100.0,550.68482,0.43632051568353075,0.6691800906837919,0.1401864798964968,0.44717141878460165,0.1233231163844826,2.0,0.0,Sideways,Sideways
2025-04-02 06:00:00,84100.0,84371.59,83904.72,84125.99,646.4978,0.443918193540955,0.629268006079592,0.12770576234076286,0.603214010721178,0.116596007882531,2.0,0.0,Sideways,Sideways
2025-04-02 07:00:00,84125.99,84462.16,84015.97,84426.33,642.70738,0.5289004783130895,0.6108605367985196,0.12127413415605165,0.6835350019176318,0.09782216837040718,2.0,0.0,Sideways,Sideways
2025-04-02 08:00:00,84426.32,84762.72,84262.73,84677.04,535.25665,0.5927609496024897,0.6071201704182512,0.1380063196656067,0.6690078374081768,0.08098261142999584,2.0,0.0,Sideways,Sideways
2025-04-02 09:00:00,84677.04,85450.0,84635.6,85019.62,910.86351,0.6705438135733452,0.6193397510774818,0.23579008260350132,0.6959015361554256,0.17168454330396737,2.0,0.0,Sideways,Sideways
2025-04-02 10:00:00,85019.63,85299.45,84828.0,84867.92,592.83032,0.6233600603327103,0.6201114847110378,0.12913017515923472,0.5511890785702349,0.06198753920200649,2.0,0.0,Sideways,Sideways
2025-04-02 11:00:00,84867.92,84985.77,84547.08,84566.91,463.52271,0.5359478350883526,0.6047120359867328,0.11894158041401343,0.5074787669769052,0.07566580407832339,2.0,0.0,Sideways,Sideways
2025-04-02 12:00:00,84566.91,85054.78,84462.69,85049.99,742.57082,0.6463246878246924,0.6145932903202628,0.16665007961783326,0.7370354864492187,0.1612756602030594,2.0,0.0,Sideways,Sideways
2025-04-02 13:00:00,85049.99,86136.36,84471.76,85215.82,2792.28052,0.6799213253230723,0.6288846692640733,0.5002083748009571,0.6441547339175044,0.38656706172355826,2.0,0.0,Sideways,Sideways
2025-04-02 14:00:00,85215.79,86000.0,85181.52,85877.75,2062.01342,0.794063814295449,0.6703689156417979,0.23705899183917067,0.7894058852289616,0.07113427976395043,2.0,0.0,Sideways,Sideways
2025-04-02 15:00:00,85877.74,87333.0,85811.2,86757.67,5585.70214,0.9031208136401472,0.7431874189955029,0.45579655155254856,0.8532205980085881,0.2768134544204557,2.0,1.0,Sideways,Sideways
2025-04-02 16:00:00,86757.67,87221.99,86589.58,87065.18,2549.14196,0.9338626837404886,0.8121488361044478,0.1791898885350329,0.6856341508400974,0.041687235960739165,2.0,1.0,Sideways,Sideways
2025-04-02 17:00:00,87065.19,87333.0,86350.0,86615.33,2025.44811,0.8094454694525071,0.8408152595580445,0.2882258907245222,0.46390020113184227,0.07698938841985982,2.0,1.0,Sideways,Sideways
2025-04-02 18:00:00,86615.33,86751.79,86212.4,86286.02,685.2329,0.727254469740003,0.8433920788594796,0.15026000199044565,0.4991934232522471,0.02936381070124057,2.0,1.0,Sideways,Sideways
2025-04-02 19:00:00,86286.03,87000.0,86186.19,86900.02,812.77336,0.8054981280402604,0.8709446089372488,0.2356065883757954,0.775361788463173,0.11786307438685761,2.0,1.0,Sideways,Sideways
2025-04-02 20:00:00,86900.01,88500.0,85228.39,85659.99,7832.63499,0.5597164451316652,0.8284297976908515,1.0,0.2325663778995074,1.0,2.0,1.0,Sideways,Sideways
2025-04-02 21:00:00,85659.99,85743.22,84207.26,84855.99,1793.31035,0.44243814438650525,0.7525099470229164,0.4602004130175178,0.36021922492512454,0.01794845825613342,2.0,2.0,Sideways,Sideways
2025-04-02 22:00:00,84855.98,84855.98,82682.0,82821.59,3036.67427,0.23724958209248764,0.5920065160105549,0.6586292048168776,0.0,0.1708079414954391,2.0,2.0,Sideways,Sideways
2025-04-02 23:00:00,82821.6,82845.42,82320.0,82516.29,2829.6448,0.21376569720773658,0.4503654874176909,0.1459152318869421,0.5062198631600794,0.09131758258953344,2.0,0.0,Sideways,Sideways
2025-04-03 00:00:00,82516.28,83424.72,82175.98,83227.55,1848.78037,0.31890026630954,0.3740914363921075,0.3708729349124219,0.8038422915562701,0.06225027551421426,2.0,0.0,Sideways,Sideways
2025-04-03 01:00:00,83227.55,83998.02,83099.99,83761.62,1735.38082,0.39068997279118106,0.3413636035791159,0.2617996118630569,0.7519637435700737,0.092031460772592,2.0,0.0,Sideways,Sideways
2025-04-03 02:00:00,83761.63,83894.91,83278.99,83768.01,1422.27146,0.3915498779696684,0.317704215557419,0.17406138037420324,0.597472823779812,0.07960030693456245,2.0,0.0,Sideways,Sideways
2025-04-03 03:00:00,83768.0,83792.58,83349.65,83483.97,638.13813,0.36143348272531856,0.28742737149217124,0.12026025079618066,0.5124499732116983,0.04088412039455684,0.0,0.0,Sideways,Sideways
2025-04-03 04:00:00,83483.97,83735.85,83263.05,83558.8,630.55266,0.37284031699950987,0.26960015133308823,0.12955003483280342,0.6175128159336243,0.0971933660649016,0.0,0.0,Sideways,Sideways
2025-04-03 05:00:00,83558.81,83709.48,83343.74,83343.75,457.59497,0.3482457051565708,0.24776458087053346,0.0962536076831181,0.5326422048968439,0.06980183724370351,0.0,0.0,Sideways,Sideways
2025-04-03 06:00:00,83343.75,83415.47,83008.74,83058.65,568.50834,0.31593033384294017,0.21966261917116803,0.10900179140127259,0.5121367110991386,0.12373537197150723,0.0,0.0,Sideways,Sideways
2025-04-03 07:00:00,83058.65,83498.1,83000.0,83456.75,774.52407,0.38408648696791897,0.21988572599062778,0.13741851612261324,0.7121560338088886,0.13626117763791967,0.0,0.0,Sideways,Sideways
2025-04-03 08:00:00,83456.76,83788.23,83456.74,83679.99,821.93677,0.4210652942405621,0.23387410175137063,0.08560161226114359,0.6609596360304161,0.10482413819219615,0.0,0.0,Sideways,Sideways
2025-04-03 09:00:00,83680.0,83766.69,83449.92,83483.05,539.18541,0.3943418705385123,0.23824489639303148,0.08102358678344074,0.5379442393439657,0.06252506856074252,1.0,0.0,Sideways,Sideways
2025-04-03 10:00:00,83483.04,83749.99,83152.25,83220.01,1239.61616,0.35903181783244825,0.23184625358141958,0.16840727010350479,0.5185981081310553,0.23403596774991092,1.0,0.0,Sideways,Sideways
2025-04-03 11:00:00,83220.01,83347.39,83047.0,83096.01,608.06162,0.3423724567710677,0.22378143743514833,0.07592928941082783,0.559301688980493,0.04525250739091752,1.0,2.0,Sideways,Sideways
2025-04-03 12:00:00,83096.01,83147.95,81889.3,81949.06,1872.33047,0.21141257441232658,0.1652206725909613,0.373955015923565,0.2598143263254363,0.315469387199406,1.0,0.0,Sideways,Sideways
2025-04-03 13:00:00,81949.06,82792.46,81793.06,82373.58,2339.5139,0.2922675706230447,0.1434732966307422,0.29332640824044853,0.7198909730740982,0.12448031272182895,1.0,0.0,Sideways,Sideways
2025-04-03 14:00:00,82373.57,82403.5,81314.61,81532.0,2364.56,0.20894144522364305,0.08981951685764367,0.3211584394904456,0.3492199187860634,0.09955169215828469,1.0,0.0,Sideways,Sideways
2025-04-03 15:00:00,81532.0,82101.42,81211.24,82039.31,2246.65433,0.2987978891545839,0.0767644738777627,0.2593582056130551,0.7441292630728374,0.09322915496782803,1.0,0.0,Sideways,Sideways
2025-04-03 16:00:00,82039.32,82448.21,81715.55,81830.56,1010.18098,0.2772371684702936,0.06116886003453531,0.21036835688694372,0.5344866453726476,0.04098459943602941,1.0,0.0,Sideways,Sideways
2025-04-03 17:00:00,81830.56,82191.11,81630.74,81830.01,889.36672,0.2771780587688844,0.053790906249611914,0.15678493232483928,0.5954439392564264,0.08595007508019963,1.0,0.0,Sideways,Sideways
2025-04-03 18:00:00,81830.01,82317.99,81540.0,82109.45,990.19965,0.33054810872588797,0.06642438924507876,0.22446631170382322,0.6774161438312258,0.11026894958256198,1.0,0.0,Sideways,Sideways
2025-04-03 19:00:00,82109.45,82362.41,81829.57,82008.7,1247.72636,0.3178311574720963,0.07627604263272886,0.14822290505573135,0.5661085526412096,0.1255821796842811,1.0,0.0,Sideways,Sideways
2025-04-03 20:00:00,82009.76,82421.49,81800.0,82363.99,1289.97749,0.3871331302262346,0.10580647437973534,0.17579369028662578,0.6993122871940238,0.10196891732247693,1.0,0.0,Sideways,Sideways
2025-04-03 21:00:00,82363.99,82864.0,82333.87,82717.54,615.38965,0.4517724830649325,0.15033439566555667,0.14738007563694408,0.699113204729962,0.043846487553977624,1.0,0.0,Sideways,Sideways
2025-04-03 22:00:00,82717.54,82869.99,82589.61,82743.46,432.33176,0.45650863101287203,0.1903208838849072,0.0697060360270715,0.6031935169381156,0.06738310552342666,1.0,0.0,Sideways,Sideways
2025-04-03 23:00:00,82743.46,83332.2,82510.83,83213.09,755.05926,0.539867788996703,0.24767010700353523,0.23795780254776921,0.7330977524175318,0.17635565637764267,1.0,2.0,Sideways,Sideways
2025-04-04 00:00:00,83213.09,83413.46,83000.02,83046.32,1239.49006,0.509549730962426,0.2873093498708432,0.11108864948248479,0.5467799875280724,0.16540552914534326,1.0,2.0,Sideways,Sideways
2025-04-04 01:00:00,83046.32,83358.5,82577.63,82695.91,989.86653,0.4480927558726073,0.30377433681098753,0.22536201234076284,0.4930160114999391,0.07741184994578779,1.0,2.0,Sideways,Sideways
2025-04-04 02:00:00,82695.9,83186.96,82695.9,82910.86,396.19722,0.4892205746256652,0.32913245115707385,0.13522902567675535,0.6585384419455063,0.03582956967572673,1.0,1.0,Sideways,Sideways
2025-04-04 03:00:00,82910.86,83069.96,82679.55,82818.52,416.14503,0.47208312688982007,0.3463648878116549,0.10392615445859979,0.5685707342922484,0.10368977662961627,1.0,1.0,Sideways,Sideways
2025-04-04 04:00:00,82818.53,82920.19,82615.36,82720.32,664.54369,0.4533050935418315,0.3567523557272795,0.07731016122611517,0.5668521841981248,0.16074204554572089,1.0,1.0,Sideways,Sideways
2025-04-04 05:00:00,82720.32,83212.17,82642.29,83200.0,628.6749,0.5505352907790546,0.389498985029221,0.15974261046974664,0.7360400741289392,0.0927999879177167,1.0,1.0,Sideways,Sideways
2025-04-04 06:00:00,83200.0,83264.16,83041.95,83054.72,400.85192,0.5201091923282146,0.4092817271718698,0.05161474920382364,0.5530715789288783,0.06060649432606707,1.0,2.0,Sideways,Sideways
2025-04-04 07:00:00,83054.73,84000.0,83050.0,83992.85,1397.79534,0.6794584436874644,0.4708773511070721,0.2779626542595541,0.8702567871018017,0.3580462551235556,1.0,1.0,Sideways,Sideways
2025-04-04 08:00:00,83992.85,84650.0,83992.85,84415.99,1616.22236,0.7366858449931553,0.5397198450213371,0.18688420581210005,0.7194869527793962,0.11474594970041103,0.0,1.0,Sideways,Sideways
2025-04-04 09:00:00,84416.0,84720.0,84126.16,84571.38,882.78102,0.756714451776618,0.6005562202718727,0.1671943421576422,0.6410953048743016,0.05106426170927633,0.0,1.0,Sideways,Sideways
2025-04-04 10:00:00,84571.38,84690.0,82416.72,82567.03,4808.43362,0.414490482099139,0.5503773594957373,0.6895122163614644,0.008794760617973574,0.5626257225754628,0.0,1.0,Sideways,Sideways
2025-04-04 11:00:00,82565.21,82768.09,81659.0,82680.45,2375.09853,0.4319487911780519,0.5158199525296576,0.32744078423566764,0.6293435841284408,0.04560952688299968,0.0,1.0,Sideways,Sideways
2025-04-04 12:00:00,82680.44,82680.44,82360.86,82360.86,135.40186,0.39055668951713657,0.473034360395674,0.08189751691879034,0.5020420590982146,0.0,0.0,1.0,Sideways,Sideways
